<!--
<month id="1"> indicates the month.  1 means January and 12 is December
num= "1" means the operation sequence of the streetlight according to the hour of the day.  
num = "1" always assume the day start at 00:00 hour and end at 23:59
period = "28800" means streetlight is operating with the corresponding dim value that last for 28800 seconds (8 hours)
colour = "white" means the GUI colour of the streetlight.   For debugging purpose and animation
-->

<months>
	<month id="1">	
		<step num= "1" period = "19800" dim = "100" colour = "black" desc="0:00-5:30 hour"/>
		<step num= "2" period = "9000" dim = "0" colour = "white" desc="5:30 - 8:00 hour"/>
		<step num= "3" period = "28800" dim = "100" colour = "black" desc="8:00-16:00 hour" />
		<step num= "4" period = "28800" dim = "0" colour = "white" desc="16:00-24:00"/>		
	</month>
	<month id="2">
		<step num= "1" period = "19800" dim = "100" colour = "black" desc="0:00-5:30 hour"/>
		<step num= "2" period = "5400" dim = "0" colour = "white" desc="5:30-7:00 hour"/>
		<step num= "3" period = "36000" dim = "100" colour = "black" desc="7:00-17:00 hour" />
		<step num= "4" period = "25200" dim = "0" colour = "white" desc="17:00-24:00"/>		
	</month>
	<month id="3">
		<step num= "1" period = "19800" dim = "100" colour = "black" desc="0:00-5:30 hour"/>
		<step num= "2" period = "1800" dim = "0" colour = "white" desc="5:30-6:00 hour"/>
		<step num= "3" period = "43200" dim = "100" colour = "black" desc="6:00-18:00 hour" />
		<step num= "4" period = "21600" dim = "0" colour = "white" desc="18:00-24:00"/>		
	</month>
	<month id="4">
		<step num= "1" period = "19800" dim = "100" colour = "black" desc="0:00-5:30 hour"/>
		<step num= "2" period = "1800" dim = "0" colour = "white" desc="5:30-6:00 hour"/>
		<step num= "3" period = "50400" dim = "100" colour = "black" desc="6:00-20:00 hour" />
		<step num= "4" period = "14400" dim = "0" colour = "white" desc="20:00-24:00"/>		
	</month>
	<month id="5">
		<step num= "1" period = "75600" dim = "100" colour = "black" desc="0:00-21:00 hour"/>		
		<step num= "2" period = "10800" dim = "0" colour = "white" desc="21:00-24:00"/>		
	</month>
	<month id="6">
		<step num= "1" period = "75600" dim = "100" colour = "black" desc="0:00-21:00 hour"/>		
		<step num= "2" period = "10800" dim = "0" colour = "white" desc="21:00-24:00"/>		
	</month>
	<month id="7">
		<step num= "1" period = "75600" dim = "100" colour = "black" desc="0:00-21:00 hour"/>		
		<step num= "2" period = "10800" dim = "0" colour = "white" desc="21:00-24:00"/>		
	</month>
	<month id="8">
		<step num= "1" period = "19800" dim = "100" colour = "black" desc="0:00-5:30 hour"/>
		<step num= "2" period = "1800" dim = "0" colour = "white" desc="5:30-6:00 hour"/>
		<step num= "3" period = "50400" dim = "100" colour = "black" desc="6:00-20:00 hour" />
		<step num= "4" period = "14400" dim = "0" colour = "white" desc="20:00-24:00"/>		
	</month>
	<month id="9">
		<step num= "1" period = "19800" dim = "100" colour = "black" desc="0:00-5:30 hour"/>
		<step num= "2" period = "5400" dim = "0" colour = "white" desc="5:30-7:00 hour"/>
		<step num= "3" period = "43200" dim = "100" colour = "black" desc="7:00-19:00 hour" />
		<step num= "4" period = "18000" dim = "0" colour = "white" desc="19:00-24:00"/>		
	</month>
	<month id="10">
		<step num= "1" period = "19800" dim = "100" colour = "black" desc="0:00-5:30 hour"/>
		<step num= "2" period = "5400" dim = "0" colour = "white" desc="5:30-7:00 hour"/>
		<step num= "3" period = "39600" dim = "100" colour = "black" desc="7:00-18:00 hour" />
		<step num= "4" period = "21600" dim = "0" colour = "white" desc="18:00-24:00"/>		
	</month>
	<month id="11">
		<step num= "1" period = "19800" dim = "100" colour = "black" desc="0:00-5:30 hour"/>
		<step num= "2" period = "5400" dim = "0" colour = "white" desc="5:30-7:00 hour"/>
		<step num= "3" period = "32400" dim = "100" colour = "black" desc="7:00-16:00 hour" />
		<step num= "4" period = "28800" dim = "0" colour = "white" desc="16:00-24:00"/>		
	</month>
	<month id="12">
		<step num= "1" period = "19800" dim = "100" colour = "black" desc="0:00-5:30 hour"/>
		<step num= "2" period = "9000" dim = "0" colour = "white" desc="5:30 - 8:00 hour"/>
		<step num= "3" period = "28800" dim = "100" colour = "black" desc="8:00-16:00 hour" />
		<step num= "4" period = "28800" dim = "0" colour = "white" desc="16:00-24:00"/>		
	</month>	
	
</months>