<months>
	<month id="1">
		<step num= "1" period = "18000" dim = "35" colour = "#FFFF00" desc="0:00-5:00 hour"/>
		<step num= "2" period = "10800" dim = "0" colour = "white" desc="5:00-8:00 hour" />
		<step num= "3" period = "28800" dim = "100" colour = "black" desc="8:00-16:00 hour turn OFF"/>
		<step num= "4" period = "21600" dim = "0" colour = "white" descr="16:00-22:00 hour"/>
		<step num= "5" period = "7200" dim = "35" colour = "#FFFF00" descr="22:00-24:00 hour"/>
	</month>	
	<month id="2">
		<step num= "1" period = "18000" dim = "35" colour = "#FFFF00" desc="0:00-5:00 hour"/>
		<step num= "2" period = "7200" dim = "0" colour = "white" desc="5:00-7:00 hour" />
		<step num= "3" period = "36000" dim = "100" colour = "black" desc="7:00-17:00 hour turn OFF "/>
		<step num= "4" period = "18000" dim = "0" colour = "white" descr="17:00-22:00 hour"/>
		<step num= "5" period = "7200" dim = "35" colour = "#FFFF00" descr="22:00-24:00 hour"/>
	</month>
	<month id="3">
		<step num= "1" period = "18000" dim = "35" colour = "#FFFF00" desc="0:00-5:00 hour"/>
		<step num= "2" period = "3600" dim = "0" colour = "white" desc="5:00-6:00 hour" />
		<step num= "3" period = "43200" dim = "100" colour = "black" desc="6:00-18:00 hour turn OFF "/>
		<step num= "4" period = "14400" dim = "0" colour = "white" descr="18:00-22:00 hour"/>
		<step num= "5" period = "7200" dim = "35" colour = "#FFFF00" descr="22:00-24:00 hour"/>
	</month>
	<month id="4">
		<step num= "1" period = "18000" dim = "35" colour = "#FFFF00" desc="0:00-5:00 hour"/>
		<step num= "2" period = "3600" dim = "0" colour = "white" desc="5:00-6:00 hour" />
		<step num= "3" period = "50400" dim = "100" colour = "black" desc="6:00-20:00 hour turn OFF "/>
		<step num= "4" period = "7200" dim = "0" colour = "white" descr="20:00-22:00 hour"/>
		<step num= "5" period = "7200" dim = "35" colour = "#FFFF00" descr="22:00-24:00 hour"/>
	</month>
	<month id="5">
		<step num= "1" period = "18000" dim = "35" colour = "#FFFF00" desc="0:00-5:00 hour"/>		
		<step num= "3" period = "57600" dim = "100" colour = "black" desc="5:00-21:00 hour turn OFF "/>
		<step num= "4" period = "3600" dim = "0" colour = "white" descr="21:00-22:00 hour"/>
		<step num= "5" period = "7200" dim = "35" colour = "#FFFF00" descr="22:00-24:00 hour"/>
	</month>
	<month id="6">
		<step num= "1" period = "18000" dim = "35" colour = "#FFFF00" desc="0:00-5:00 hour"/>		
		<step num= "3" period = "57600" dim = "100" colour = "black" desc="5:00-21:00 hour turn OFF "/>
		<step num= "4" period = "3600" dim = "0" colour = "white" descr="21:00-22:00 hour"/>
		<step num= "5" period = "7200" dim = "35" colour = "#FFFF00" descr="22:00-24:00 hour"/>
	</month>
	<month id="7">
		<step num= "1" period = "18000" dim = "35" colour = "#FFFF00" desc="0:00-5:00 hour"/>		
		<step num= "3" period = "57600" dim = "100" colour = "black" desc="5:00-21:00 hour turn OFF "/>
		<step num= "4" period = "3600" dim = "0" colour = "white" descr="21:00-22:00 hour"/>
		<step num= "5" period = "7200" dim = "35" colour = "#FFFF00" descr="22:00-24:00 hour"/>
	</month>
	<month id="8">
		<step num= "1" period = "18000" dim = "35" colour = "#FFFF00" desc="0:00-5:00 hour"/>
		<step num= "2" period = "3600" dim = "0" colour = "white" desc="5:00-6:00 hour" />
		<step num= "3" period = "50400" dim = "100" colour = "black" desc="6:00-20:00 hour turn OFF "/>
		<step num= "4" period = "7200" dim = "0" colour = "white" descr="20:00-22:00 hour"/>
		<step num= "5" period = "7200" dim = "35" colour = "#FFFF00" descr="22:00-24:00 hour"/>
	</month>
	<month id="9">
		<step num= "1" period = "18000" dim = "35" colour = "#FFFF00" desc="0:00-5:00 hour"/>
		<step num= "2" period = "7200" dim = "0" colour = "white" desc="5:00-7:00 hour" />
		<step num= "3" period = "43200" dim = "100" colour = "black" desc="7:00-19:00 hour turn OFF "/>
		<step num= "4" period = "10800" dim = "0" colour = "white" descr="19:00-22:00 hour"/>
		<step num= "5" period = "7200" dim = "35" colour = "#FFFF00" descr="22:00-24:00 hour"/>
	</month>
	<month id="10">
		<step num= "1" period = "18000" dim = "35" colour = "#FFFF00" desc="0:00-5:00 hour"/>
		<step num= "2" period = "7200" dim = "0" colour = "white" desc="5:00-7:00 hour" />
		<step num= "3" period = "39600" dim = "100" colour = "black" desc="7:00-18:00 hour turn OFF "/>
		<step num= "4" period = "14400" dim = "0" colour = "white" descr="18:00-22:00 hour"/>
		<step num= "5" period = "7200" dim = "35" colour = "#FFFF00" descr="22:00-24:00 hour"/>
	</month>
	<month id="11">
		<step num= "1" period = "18000" dim = "35" colour = "#FFFF00" desc="0:00-5:00 hour"/>
		<step num= "2" period = "7200" dim = "0" colour = "white" desc="5:00-7:00 hour" />
		<step num= "3" period = "32400" dim = "100" colour = "black" desc="7:00-16:00 hour turn OFF "/>
		<step num= "4" period = "21600" dim = "0" colour = "white" descr="16:00-22:00 hour"/>
		<step num= "5" period = "7200" dim = "35" colour = "#FFFF00" descr="22:00-24:00 hour"/>
	</month>
	<month id="12">
		<step num= "1" period = "18000" dim = "35" colour = "#FFFF00" desc="0:00-5:00 hour"/>
		<step num= "2" period = "10800" dim = "0" colour = "white" desc="5:00-8:00 hour" />
		<step num= "3" period = "28800" dim = "100" colour = "black" desc="8:00-16:00 hour turn OFF"/>
		<step num= "4" period = "21600" dim = "0" colour = "white" descr="16:00-22:00 hour"/>
		<step num= "5" period = "7200" dim = "35" colour = "#FFFF00" descr="22:00-24:00 hour"/>
	</month>
</months>