<!--
<month id="1"> indicates the month.  1 means January and 12 is December
num= "1" means the operation sequence of the streetlight according to the hour of the day.  
num = "1" always assume the day start at 00:00 hour and end at 23:59
period = "28800" means streetlight is operating with the corresponding dim value that last for 28800 seconds (8 hours)
colour = "white" means the GUI colour of the streetlight.   For debugging purpose and animation
-->

<months>
	<month id="1">
		<step num= "1" period = "18000" dim = "60" colour = "#59E817" desc="0:00-5:00 hour"/>
		<step num= "2" period = "3600" dim = "45" colour = "#FFFF00" desc="5:00-6:00 hour" />
		<step num= "3" period = "7200" dim = "10" colour = "white" desc="6:00-8:00"/>
		<step num= "4" period = "28800" dim = "100" colour = "black" descr="8:00 - 16:00 hour"/>
		<step num= "5" period = "14400" dim = "10" colour = "white" descr="16:00-20:00 hour"/>
		<step num= "6" period = "10800" dim = "35" colour = "#FFFF00" descr="20:00-23:00 hour"/>
		<step num= "7" period = "3600" dim = "60" colour = "#59E817" descr="23:00-24:00 hour"/>
	</month>
	<month id="2">
		<step num= "1" period = "18000" dim = "60" colour = "#59E817" desc="0:00-5:00 hour"/>
		<step num= "2" period = "3600" dim = "45" colour = "#FFFF00" desc="5:00-6:00 hour" />
		<step num= "3" period = "3600" dim = "10" colour = "white" desc="6:00-7:00"/>
		<step num= "4" period = "36000" dim = "100" colour = "black" descr="7:00 - 17:00 hour"/>
		<step num= "5" period = "10800" dim = "10" colour = "white" descr="17:00-20:00 hour"/>
		<step num= "6" period = "10800" dim = "35" colour = "#FFFF00" descr="20:00-23:00 hour"/>
		<step num= "7" period = "3600" dim = "60" colour = "#59E817" descr="23:00-24:00 hour"/>
	</month>	
	<month id="3">
		<step num= "1" period = "18000" dim = "60" colour = "#59E817" desc="0:00-5:00 hour"/>
		<step num= "2" period = "3600" dim = "45" colour = "#FFFF00" desc="5:00-6:00 hour" />		
		<step num= "3" period = "43200" dim = "100" colour = "black" descr="6:00 - 18:00 hour"/>
		<step num= "4" period = "7200" dim = "10" colour = "white" descr="18:00-20:00 hour"/>
		<step num= "5" period = "10800" dim = "35" colour = "#FFFF00" descr="20:00-23:00 hour"/>
		<step num= "6" period = "3600" dim = "60" colour = "#59E817" descr="23:00-24:00 hour"/>
	</month>
	<month id="4">
		<step num= "1" period = "18000" dim = "60" colour = "#59E817" desc="0:00-5:00 hour"/>
		<step num= "2" period = "3600" dim = "45" colour = "#FFFF00" desc="5:00-6:00 hour" />		
		<step num= "3" period = "50400" dim = "100" colour = "black" descr="6:00 - 20:00 hour"/>		
		<step num= "4" period = "10800" dim = "35" colour = "#FFFF00" descr="20:00-23:00 hour"/>
		<step num= "5" period = "3600" dim = "60" colour = "#59E817" descr="23:00-24:00 hour"/>
	</month>	
	<month id="5">
		<step num= "1" period = "18000" dim = "60" colour = "#59E817" desc="0:00-5:00 hour"/>			
		<step num= "2" period = "57600" dim = "100" colour = "black" descr="5:00 - 21:00 hour"/>		
		<step num= "3" period = "7200" dim = "35" colour = "#FFFF00" descr="21:00-23:00 hour"/>
		<step num= "4" period = "3600" dim = "60" colour = "#59E817" descr="23:00-24:00 hour"/>
	</month>
	<month id="6">
		<step num= "1" period = "18000" dim = "60" colour = "#59E817" desc="0:00-5:00 hour"/>			
		<step num= "2" period = "57600" dim = "100" colour = "black" descr="5:00 - 21:00 hour"/>		
		<step num= "3" period = "7200" dim = "35" colour = "#FFFF00" descr="21:00-23:00 hour"/>
		<step num= "4" period = "3600" dim = "60" colour = "#59E817" descr="23:00-24:00 hour"/>
	</month>
	<month id="7">
		<step num= "1" period = "18000" dim = "60" colour = "#59E817" desc="0:00-5:00 hour"/>			
		<step num= "2" period = "57600" dim = "100" colour = "black" descr="5:00 - 21:00 hour"/>		
		<step num= "3" period = "7200" dim = "35" colour = "#FFFF00" descr="21:00-23:00 hour"/>
		<step num= "4" period = "3600" dim = "60" colour = "#59E817" descr="23:00-24:00 hour"/>
	</month>	
	<month id="8">
		<step num= "1" period = "18000" dim = "60" colour = "#59E817" desc="0:00-5:00 hour"/>
		<step num= "2" period = "3600" dim = "45" colour = "#FFFF00" desc="5:00-6:00 hour" />		
		<step num= "3" period = "50400" dim = "100" colour = "black" descr="6:00 - 20:00 hour"/>		
		<step num= "4" period = "10800" dim = "35" colour = "#FFFF00" descr="20:00-23:00 hour"/>
		<step num= "5" period = "3600" dim = "60" colour = "#59E817" descr="23:00-24:00 hour"/>
	</month>
	<month id="9">
		<step num= "1" period = "18000" dim = "60" colour = "#59E817" desc="0:00-5:00 hour"/>
		<step num= "2" period = "3600" dim = "45" colour = "#FFFF00" desc="5:00-6:00 hour" />
		<step num= "3" period = "3600" dim = "10" colour = "white" desc="6:00-7:00"/>
		<step num= "4" period = "43200" dim = "100" colour = "black" descr="7:00 - 19:00 hour"/>
		<step num= "5" period = "3600" dim = "10" colour = "white" descr="19:00-20:00 hour"/>
		<step num= "6" period = "10800" dim = "35" colour = "#FFFF00" descr="20:00-23:00 hour"/>
		<step num= "7" period = "3600" dim = "60" colour = "#59E817" descr="23:00-24:00 hour"/>
	</month>
	<month id="10">
		<step num= "1" period = "18000" dim = "60" colour = "#59E817" desc="0:00-5:00 hour"/>
		<step num= "2" period = "3600" dim = "45" colour = "#FFFF00" desc="5:00-6:00 hour" />
		<step num= "3" period = "3600" dim = "10" colour = "white" desc="6:00-7:00"/>
		<step num= "4" period = "39600" dim = "100" colour = "black" descr="7:00 - 18:00 hour"/>
		<step num= "5" period = "7200" dim = "10" colour = "white" descr="18:00-20:00 hour"/>
		<step num= "6" period = "10800" dim = "35" colour = "#FFFF00" descr="20:00-23:00 hour"/>
		<step num= "7" period = "3600" dim = "60" colour = "#59E817" descr="23:00-24:00 hour"/>
	</month>
	<month id="11">
		<step num= "1" period = "18000" dim = "60" colour = "#59E817" desc="0:00-5:00 hour"/>
		<step num= "2" period = "3600" dim = "45" colour = "#FFFF00" desc="5:00-6:00 hour" />
		<step num= "3" period = "3600" dim = "10" colour = "white" desc="6:00-7:00"/>
		<step num= "4" period = "32400" dim = "100" colour = "black" descr="7:00 - 16:00 hour"/>
		<step num= "5" period = "14400" dim = "10" colour = "white" descr="16:00-20:00 hour"/>
		<step num= "6" period = "10800" dim = "35" colour = "#FFFF00" descr="20:00-23:00 hour"/>
		<step num= "7" period = "3600" dim = "60" colour = "#59E817" descr="23:00-24:00 hour"/>
	</month>	
	<month id="12">
		<step num= "1" period = "18000" dim = "60" colour = "#59E817" desc="0:00-5:00 hour"/>
		<step num= "2" period = "3600" dim = "45" colour = "#FFFF00" desc="5:00-6:00 hour" />
		<step num= "3" period = "7200" dim = "10" colour = "white" desc="6:00-8:00"/>
		<step num= "4" period = "28800" dim = "100" colour = "black" descr="8:00 - 16:00 hour"/>
		<step num= "5" period = "14400" dim = "10" colour = "white" descr="16:00-20:00 hour"/>
		<step num= "6" period = "10800" dim = "35" colour = "#FFFF00" descr="20:00-23:00 hour"/>
		<step num= "7" period = "3600" dim = "60" colour = "#59E817" descr="23:00-24:00 hour"/>
	</month>
</months>