<?xml version="1.0" encoding="UTF-8"?>

<!-- generated on 08/15/13 17:29:45 by SUMO polyconvert Version 0.15.0
<?xml version="1.0" encoding="UTF-8"?>

<configuration xmlns:xsi="http://www.w3.org/2001/XMLSchema-instance" xsi:noNamespaceSchemaLocation="http://sumo.sf.net/xsd/polyconvertConfiguration.xsd">

    <input>
        <net-file value="Cross_Road_0.net.xml"/>
        <osm-files value="Cross_Road_0.osm"/>
        <type-file value="typemap_building.xml"/>
    </input>

    <output>
        <output-file value="Cross_Road_0.poly.xml"/>
    </output>

    <projection>
        <proj value="+proj=utm +zone=30 +ellps=WGS84 +datum=WGS84 +units=m +no_defs"/>
    </projection>

    <processing>
        <offset.x value="-643808"/>
        <offset.y value="-5.63498e+006"/>
    </processing>

</configuration>
-->

<shapes>

    <poly id="N0" type="building_lamp" color="0.71,0.82,0.82" fill="1" layer="2" shape="14.81,35.09 14.82,34.89 15.02,34.89 15.01,35.09 14.81,35.09"/>
   
    <poly id="N1" type="building_lamp" color="0.71,0.82,0.82" fill="1" layer="2" shape="44.71,31.73 44.71,31.53 44.91,31.53 44.91,31.74 44.71,31.73"/>

    <poly id="N2" type="building_lamp" color="0.71,0.82,0.82" fill="1" layer="2" shape="74.61,28.41 74.61,28.21 74.81,28.21 74.81,28.42 74.61,28.41"/>
     
    
       
    <poly id="N3" type="building_lamp" color="0.71,0.82,0.82" fill="1" layer="2" shape="104.51,25.09 104.51,24.89 104.71,24.89 104.71,25.10 104.51,25.09"/>
      
   
    <poly id="N4" type="building_lamp" color="0.71,0.82,0.82" fill="1" layer="2" shape="134.42,21.77 134.43,21.56 134.63,21.57 134.62,21.77 134.42,21.77"/>    
    <poly id="N5" type="building_lamp" color="0.71,0.82,0.82" fill="1" layer="2" shape="164.32,18.46 164.32,18.25 164.52,18.26 164.51,18.46 164.32,18.46"/>    
    <poly id="N6" type="building_lamp" color="0.71,0.82,0.82" fill="1" layer="2" shape="194.20,15.14 194.21,14.94 194.41,14.94 194.40,15.15 194.20,15.14"/>
    <poly id="N7" type="building_lamp" color="0.71,0.82,0.82" fill="1" layer="2" shape="224.10,11.83 224.10,11.62 224.30,11.63 224.30,11.83 224.10,11.83"/>    
    <poly id="N8" type="building_lamp" color="0.71,0.82,0.82" fill="1" layer="2" shape="254.00,8.51 254.00,8.31 254.20,8.31 254.20,8.52 254.00,8.51"/>
    <poly id="N9" type="building_lamp" color="0.71,0.82,0.82" fill="1" layer="2" shape="283.89,4.96 283.89,4.75 284.09,4.76 284.08,4.96 283.89,4.96"/>
    <poly id="N10" type="building_lamp" color="0.71,0.82,0.82" fill="1" layer="2" shape="313.80,1.92 313.81,1.72 314.01,1.72 314.00,1.92 313.80,1.92"/>
    <poly id="N11" type="building_lamp" color="0.71,0.82,0.82" fill="1" layer="2" shape="343.80,0.53 343.80,0.33 344.00,0.33 344.00,0.53 343.80,0.53"/>

    
</shapes>
