<?xml version="1.0" encoding="iso-8859-1"?>

<!-- generated on 08/15/13 17:25:56 by SUMO netconvert Version 0.13.1
<?xml version="1.0" encoding="iso-8859-1"?>

<configuration xmlns:xsi="http://www.w3.org/2001/XMLSchema-instance" xsi:noNamespaceSchemaLocation="http://sumo.sf.net/xsd/netconvertConfiguration.xsd">

    <input>
        <osm-files value="Cross_Road_0.osm"/>
    </input>

    <output>
        <output-file value="Cross_Road_0.net.xml"/>
    </output>

    <projection>
        <proj.utm value="true"/>
    </projection>

</configuration>
-->

<net version="0.13" xmlns:xsi="http://www.w3.org/2001/XMLSchema-instance" xsi:noNamespaceSchemaLocation="http://sumo.sf.net/xsd/net_file.xsd">

    <location netOffset="-643808.20,-5634979.87" convBoundary="0.00,0.00,359.24,39.37" origBoundary="-0.957101,50.848533,-0.952015,50.848976" projParameter="+proj=utm +zone=30 +ellps=WGS84 +datum=WGS84 +units=m +no_defs"/>

    <edge id=":-164_0" function="internal">
        <lane id=":-164_0_0" index="0" speed="8.33" length="4.82" shape="359.18,0.22 360.44,1.00 360.89,1.81 360.50,2.65 359.30,3.52"/>
    </edge>
    <edge id=":-170_0" function="internal">
        <lane id=":-170_0_0" index="0" speed="8.33" length="4.82" shape="0.56,41.01 -0.76,40.33 -1.27,39.56 -0.95,38.69 0.19,37.73"/>
    </edge>
    <edge id=":-172_0" function="internal">
        <lane id=":-172_0_0" index="0" speed="13.89" length="4.82" shape="0.17,37.60 -1.15,36.91 -1.64,36.13 -1.32,35.27 -0.17,34.32"/>
    </edge>
    <edge id=":-182_0" function="internal">
        <lane id=":-182_0_0" index="0" speed="13.89" length="4.82" shape="359.15,-1.65 360.41,-0.86 360.85,-0.05 360.46,0.79 359.24,1.65"/>
    </edge>

    <edge id="--288" from="-164" to="-170" priority="1" type="highway.pedestrian" shape="359.24,1.87 327.54,3.00 301.67,4.86 0.37,39.37">
        <lane id="--288_0" index="0" allow="pedestrian" speed="8.33" length="360.79" shape="359.30,3.52 327.60,4.65 301.79,6.51 0.56,41.01"/>
    </edge>
    <edge id="--290" from="-182" to="-172" priority="4" type="highway.residential" shape="359.20,0.00 327.57,0.87 301.78,2.68 264.34,7.29 92.81,26.31 0.00,35.96">
        <lane id="--290_0" index="0" speed="13.89" length="360.98" shape="359.24,1.65 327.62,2.52 301.89,4.32 264.54,8.92 92.99,27.95 0.17,37.60"/>
    </edge>
    <edge id="-288" from="-170" to="-164" priority="1" type="highway.pedestrian" shape="0.37,39.37 301.67,4.86 327.54,3.00 359.24,1.87">
        <lane id="-288_0" index="0" allow="pedestrian" speed="8.33" length="361.05" shape="0.19,37.73 301.48,3.22 327.42,1.35 359.18,0.22"/>
    </edge>
    <edge id="-290" from="-172" to="-182" priority="4" type="highway.residential" shape="0.00,35.96 92.81,26.31 264.34,7.29 301.78,2.68 327.57,0.87 359.20,0.00">
        <lane id="-290_0" index="0" speed="13.89" length="361.23" shape="-0.17,34.32 92.64,24.67 264.16,5.65 301.57,1.04 327.46,-0.78 359.15,-1.65"/>
    </edge>

    <junction id="-164" type="priority" x="359.24" y="1.87" incLanes="-288_0" intLanes=":-164_0_0" shape="359.24,1.92 359.35,5.12 359.12,-1.38 359.23,1.82">
        <request index="0" response="0" foes="0" cont="0"/>
    </junction>
    <junction id="-170" type="priority" x="0.37" y="39.37" incLanes="--288_0" intLanes=":-170_0_0" shape="0.37,39.32 0.00,36.14 0.74,42.60 0.38,39.42">
        <request index="0" response="0" foes="0" cont="0"/>
    </junction>
    <junction id="-172" type="priority" x="0.00" y="35.96" incLanes="--290_0" intLanes=":-172_0_0" shape="-0.01,35.91 -0.34,32.73 0.34,39.19 0.01,36.01">
        <request index="0" response="0" foes="0" cont="0"/>
    </junction>
    <junction id="-182" type="priority" x="359.20" y="0.00" incLanes="-290_0" intLanes=":-182_0_0" shape="359.20,0.05 359.29,3.25 359.11,-3.25 359.20,-0.05">
        <request index="0" response="0" foes="0" cont="0"/>
    </junction>

    <connection from="--288" to="-288" fromLane="0" toLane="0" via=":-170_0_0" dir="t" state="M"/>
    <connection from="--290" to="-290" fromLane="0" toLane="0" via=":-172_0_0" dir="t" state="M"/>
    <connection from="-288" to="--288" fromLane="0" toLane="0" via=":-164_0_0" dir="t" state="M"/>
    <connection from="-290" to="--290" fromLane="0" toLane="0" via=":-182_0_0" dir="t" state="M"/>

    <connection from=":-164_0" to="--288" fromLane="0" toLane="0" dir="s" state="M"/>
    <connection from=":-170_0" to="-288" fromLane="0" toLane="0" dir="s" state="M"/>
    <connection from=":-172_0" to="-290" fromLane="0" toLane="0" dir="s" state="M"/>
    <connection from=":-182_0" to="--290" fromLane="0" toLane="0" dir="s" state="M"/>

</net>
