<!-- Average of weekend-->

<traffic_profile ratio="0.433800">

	<timestep id = "0" time = "0000" vol = "0.0119"/>
	<timestep id = "1" time = "0100" vol = "0.0079"/>
	<timestep id = "2" time = "0200" vol = "0.0058"/>
	<timestep id = "3" time = "0300" vol = "0.0052"/>
	<timestep id = "4" time = "0400" vol = "0.0059"/>
	<timestep id = "5" time = "0500" vol = "0.0093"/>
	<timestep id = "6" time = "0600" vol = "0.0158"/>
	<timestep id = "7" time = "0700" vol = "0.0248"/>
	<timestep id = "8" time = "0800" vol = "0.0370"/>
	<timestep id = "9" time = "0900" vol = "0.0540"/>
	<timestep id = "10" time = "1000" vol = "0.0716"/>
	<timestep id = "11" time = "1100" vol = "0.0816"/>
	<timestep id = "12" time = "1200" vol = "0.0823"/>
	<timestep id = "13" time = "1300" vol = "0.0779"/>
	<timestep id = "14" time = "1400" vol = "0.0741"/>
	<timestep id = "15" time = "1500" vol = "0.0735"/>
	<timestep id = "16" time = "1600" vol = "0.0751"/>
	<timestep id = "17" time = "1700" vol = "0.0726"/>
	<timestep id = "18" time = "1800" vol = "0.0628"/>
	<timestep id = "19" time = "1900" vol = "0.0500"/>
	<timestep id = "20" time = "2000" vol = "0.0377"/>
	<timestep id = "21" time = "2100" vol = "0.0277"/>
	<timestep id = "22" time = "2200" vol = "0.0205"/>
	<timestep id = "23" time = "2300" vol = "0.0151"/>

</traffic_profile>
