<!-- Average of weekdays-->

<traffic_profile ratio="0.566200">
<!--
	<timestep id = "0" time = "0000" vol = "0.0803"/>
-->
	<timestep id = "0" time = "0000" vol = "0.0064"/>	
	<timestep id = "1" time = "0100" vol = "0.0044"/>
	<timestep id = "2" time = "0200" vol = "0.0039"/>
	<timestep id = "3" time = "0300" vol = "0.0045"/>
	<timestep id = "4" time = "0400" vol = "0.0073"/>
	<timestep id = "5" time = "0500" vol = "0.0168"/>
	<timestep id = "6" time = "0600" vol = "0.0406"/>
	<timestep id = "7" time = "0700" vol = "0.0708"/>
	<timestep id = "8" time = "0800" vol = "0.0741"/>
	<timestep id = "9" time = "0900" vol = "0.0601"/>
	<timestep id = "10" time = "1000" vol = "0.0568"/>
	<timestep id = "11" time = "1100" vol = "0.0581"/>
	<timestep id = "12" time = "1200" vol = "0.0592"/>
	<timestep id = "13" time = "1300" vol = "0.0607"/>
	<timestep id = "14" time = "1400" vol = "0.0635"/>
	<timestep id = "15" time = "1500" vol = "0.0690"/>
	<timestep id = "16" time = "1600" vol = "0.0786"/>
	<timestep id = "17" time = "1700" vol = "0.0803"/>
	<timestep id = "18" time = "1800" vol = "0.0628"/>
	<timestep id = "19" time = "1900" vol = "0.0427"/>
	<timestep id = "20" time = "2000" vol = "0.0299"/>
	<timestep id = "21" time = "2100" vol = "0.0221"/>
	<timestep id = "22" time = "2200" vol = "0.0166"/>
	<timestep id = "23" time = "2300" vol = "0.0108"/>

	
</traffic_profile>
