﻿<?xml version="1.0" encoding="utf-8"?>
<!--original route file: map_0.rou.xml -->
<routes>
	<vType id="pedestrian" length=".25" minGap="0" maxSpeed="1.9" guiShape="pedestrian" guiWidth="0.25" />
	<vType id="cyclist" length="1.5" minGap=".5" maxSpeed="6.944" guiShape="bicycle" guiWidth="0.25" />
	<vType id="motorist" accel="3" decel="9.81" sigma="0.5" length="5" minGap="2.5" maxSpeed="70" guiShape="passenger" />
	
	<route id="0" edges="-2956#2 --2956#2 --2958 -2942#1 -2942#2 --2942#2" pathType="pedestrian" streetName="||||||" />
	<route id="1" edges="--2932 -2932 --2930#0 --2930#4 -2978 --2936#4 -2938 -2910#5 -2910#6 -2910#7 -2982 -2950#1 -2984 --2954#1 --2986 -2950#3" pathType="pedestrian" streetName="||||||||||||||||" />
	<route id="2" edges="-2930#4 --2930#4 --2930#3 -2936#0 -2936#1 -2970 -2966#2 -2966#3 -2980 --2980" pathType="pedestrian" streetName="||||||||||" />
	<route id="3" edges="-2940#3 --2940#3 --2940#2" pathType="pedestrian" streetName="|||" />
	<route id="4" edges="-2966#4 --2966#4 --2966#3 --2968 -2968" pathType="pedestrian" streetName="|||||" />
	<route id="5" edges="4061534#0 -154039136#0 -4061536 -7988340#1 -4061542#1" pathType="highway" streetName="Lilac Road|Honeysuckle Road|Daisy Road|Bluebell Road|" />
	<route id="6" edges="--2978 -2978 --2936#4 -2938 -2910#5 -2910#6 -2910#7 -2982 -2950#1 -2984 --2954#1 -2954#1" pathType="pedestrian" streetName="||||||||||||" />
	<route id="7" edges="89340243#1 89340243#2 89340243#3 -154039136#1 4061534#1 -4061534#1" pathType="highway" streetName="Violet Road|Violet Road|Violet Road|Honeysuckle Road|Lilac Road|Lilac Road|" />
	<route id="8" edges="--2910#1 -2928 -2908#1 -2976 --2916#0 --2916#7 --2916#6 --2974 -2910#3 -2914 --2912#4 -2932 --2930#0 --2930#4 -2978 --2936#4 -2938 -2910#5 -2910#6 -2946 --2940#1 -2944" pathType="pedestrian" streetName="||||||||||||||||||||||" />
	<route id="9" edges="-2912#4 --2912#4 -2932 --2930#0 --2930#4 -2978 --2936#4 -2938 -2910#5 -2910#6 -2910#7 -2982 -2950#1 -2984 --2954#1 --2986 --2950#2" pathType="pedestrian" streetName="|||||||||||||||||" />
	<route id="10" edges="--2908#0 -2908#0 -2908#1 -2976 --2916#0 --2916#7 --2916#6 --2974 -2910#3 -2914 --2912#4 -2932 --2930#0 --2930#4 --2930#3 -2936#0 -2936#1 -2970 -2966#2 -2966#3 -2966#4 --2966#4" pathType="pedestrian" streetName="||||||||||||||||||||||" />
	<route id="11" edges="--2912#5 --2912#4 -2932 --2930#0 --2930#4 --2930#3 -2936#0 -2936#1 -2970" pathType="pedestrian" streetName="|||||||||" />
	<route id="12" edges="--2910#3 -2974 -2916#6 -2916#7 -2916#0 --2976 --2908#1" pathType="pedestrian" streetName="|||||||" />
	<route id="13" edges="-150771757 -154039136#1 -154039136#0 -4061536 7988341#0 7988341#1 7988341#2" pathType="highway" streetName="Violet Road|Honeysuckle Road|Honeysuckle Road|Daisy Road|Lobelia Road|Lobelia Road|Lobelia Road|" />
	<route id="14" edges="-89340243#2 89340243#2 89340243#3 -89340243#3" pathType="highway" streetName="Violet Road|Violet Road|Violet Road|Violet Road|" />
	<route id="15" edges="--2940#0 -2940#0 -2940#1 --2946 --2910#6 --2910#5 --2938 --2936#3 --2936#2 --2936#1 --2936#0 --2930#2 --2934 --2912#2 --2924 --2916#3 --2916#2 --2916#1" pathType="pedestrian" streetName="||||||||||||||||||" />
	<route id="16" edges="-3996461 -150771756#1 -150771756#0 -154039136#1 -154039136#0 -4061536 -7988340#1" pathType="highway" streetName="Iris Road|Honeysuckle Road|Honeysuckle Road|Honeysuckle Road|Honeysuckle Road|Daisy Road|" />
	<route id="17" edges="-2936#2 -2968 -2966#3 -2980 --2940#3 --2940#2 --2940#1 -2944 -2942#4" pathType="pedestrian" streetName="|||||||||" />
	<route id="18" edges="--2910#5 --2938 --2936#3 --2936#2 --2936#1 --2936#0 --2930#2 --2934 --2912#2 --2924 --2916#3 --2916#2 --2916#1" pathType="pedestrian" streetName="|||||||||||||" />
	<route id="19" edges="-2910#6 --2910#6 --2910#5 --2938 --2936#3 --2936#2 --2936#1 --2936#0 --2930#2 --2934 -2934" pathType="pedestrian" streetName="|||||||||||" />
	<route id="20" edges="-4061534#1 -154039136#0 -4061536 7988341#0 7988341#1 7988340#0" pathType="highway" streetName="Lilac Road|Honeysuckle Road|Daisy Road|Lobelia Road|Lobelia Road|" />
	<route id="21" edges="--2910#8 -2982 --2950#0 -2950#0" pathType="pedestrian" streetName="||||" />
	<route id="22" edges="-2936#5 -2936#1 -2970 -2966#2 -2966#3 -2980 --2940#3 --2940#2 --2946 -2910#7 -2982 -2950#1 -2950#2" pathType="pedestrian" streetName="|||||||||||||" />
	<route id="23" edges="7988341#1 7988341#2" pathType="highway" streetName="Lobelia Road|Lobelia Road|" />
	<route id="24" edges="-2920 -2916#2 --2922 -2908#4 -2972 -2966#1 -2966#2 -2966#3 -2980 --2940#3 --2940#2 --2940#1 -2944 --2942#3 --2942#2 --2942#1 --2942#0" pathType="pedestrian" streetName="|||||||||||||||||" />
	<route id="25" edges="-4061542#2 -4061542#1 7988341#1" pathType="highway" streetName="Bluebell Road|Bluebell Road|Lobelia Road|" />
	<route id="26" edges="-2942#0 -2942#1 --2962 --2954#3 --2954#2 --2984 --2950#1 --2982 --2910#7 --2910#6 --2910#5 --2938 -2936#4 --2978 -2930#4 -2930#0 --2932 -2912#4 --2914 --2910#3 -2974 -2916#6 -2916#7 -2916#0 --2976" pathType="pedestrian" streetName="|||||||||||||||||||||||||" />
	<route id="27" edges="--2950#0 -2950#0 -2950#1 -2984 --2954#1 --2986" pathType="pedestrian" streetName="||||||" />
	<route id="28" edges="--2916#3 --2922 -2908#4 -2972 -2966#1 -2966#2 -2966#3 -2980 --2940#3 --2940#2 --2940#1 -2944 --2942#3 --2942#2 --2942#1 --2942#0" pathType="pedestrian" streetName="||||||||||||||||" />
	<route id="29" edges="--2908#1 -2908#1 -2976 --2916#0 --2916#7 --2916#6 --2916#5 --2916#4" pathType="pedestrian" streetName="||||||||" />
	<route id="30" edges="-2978 --2978 -2930#4 -2930#0" pathType="pedestrian" streetName="||||" />
	<route id="31" edges="--2966#4 -2980 --2940#3 --2940#2 -2940#2" pathType="pedestrian" streetName="|||||" />
	<route id="32" edges="150771756#0 4061533 -89340243#2" pathType="highway" streetName="Honeysuckle Road|Begonia Road|Violet Road|" />
	<route id="33" edges="--2930#3 -2936#0 -2936#1 -2970 -2966#2 -2966#3 -2980 --2940#3 --2940#2 --2940#1 -2944 --2942#3 --2942#2 --2942#1 --2942#0" pathType="pedestrian" streetName="|||||||||||||||" />
	<route id="34" edges="7988341#1 -7988341#1 -7988341#0 4061536 154039136#0 154039136#1 -89340243#3 -89340243#2" pathType="highway" streetName="Lobelia Road|Lobelia Road|Lobelia Road|Daisy Road|Honeysuckle Road|Honeysuckle Road|Violet Road|Violet Road|" />
	<route id="35" edges="--2912#4 -2932 --2930#0 --2930#4 -2978 --2936#4 -2938 -2910#5 -2910#6 -2946 --2940#1 -2944 -2942#4 --2942#4" pathType="pedestrian" streetName="||||||||||||||" />
	<route id="36" edges="--2930#0 -2930#0 --2932 -2912#4 --2914 --2910#3 -2974 -2916#6 -2916#7 -2916#0 -2916#1 --2920 -2920" pathType="pedestrian" streetName="|||||||||||||" />
	<route id="37" edges="-89340243#1 89340243#1 -3996461" pathType="highway" streetName="Violet Road|Violet Road|Iris Road|" />
	<route id="38" edges="-2948 --2940#2 --2940#1 -2944 --2944" pathType="pedestrian" streetName="|||||" />
	<route id="39" edges="--2984 --2950#1 --2982 --2910#7 --2910#6 --2910#5 --2938 --2936#3 --2936#2 --2936#1 --2936#0 --2930#2 --2934 --2912#2 --2924 --2916#3 -2916#3" pathType="pedestrian" streetName="|||||||||||||||||" />
	<route id="40" edges="-2960 --2960 --2954#2 --2984 --2950#1 --2982 --2910#7 --2910#6 --2910#5 --2938 --2936#3 --2936#2 --2936#1 --2936#0 --2930#2 --2934 --2912#2 --2924 --2916#3 --2922 -2908#4 -2972 --2966#0 -2966#0" pathType="pedestrian" streetName="||||||||||||||||||||||||" />
	<route id="41" edges="-2912#4 --2912#4 -2932 --2930#0 --2930#4 -2978 --2936#4 -2938 -2910#5 -2910#6 -2910#7 -2910#8" pathType="pedestrian" streetName="||||||||||||" />
	<route id="42" edges="7988340#0 7988340#1 4061536 154039136#0 154039136#1 150771756#0 150771756#1 -150771756#1" pathType="highway" streetName="Daisy Road|Honeysuckle Road|Honeysuckle Road|Honeysuckle Road|Honeysuckle Road|Honeysuckle Road|" />
	<route id="43" edges="-2954#3 --2954#3 --2954#2 --2984 --2950#1 --2982 --2910#7 --2910#6 --2910#5 --2938 -2936#4 --2978 -2930#4 -2930#0 --2932 -2912#4 --2914 --2910#3 -2974 -2916#6" pathType="pedestrian" streetName="||||||||||||||||||||" />
	<route id="44" edges="-7988341#1 -7988341#0 4061536 154039136#0 -4061534#0 4061534#0" pathType="highway" streetName="Lobelia Road|Lobelia Road|Daisy Road|Honeysuckle Road|Lilac Road|Lilac Road|" />
	<route id="45" edges="-2936#0 -2936#1 -2970 -2966#2 -2966#3 -2980 --2940#3 --2940#2 --2940#1 -2944 --2942#3 --2942#2 --2942#1 -2958 -2956#2 --2956#2" pathType="pedestrian" streetName="||||||||||||||||" />
	<route id="46" edges="-2916#1 --2916#1 --2916#0 --2916#7 --2916#6 --2974 -2910#3 -2914 --2912#4 -2932 --2930#0 --2930#4 -2978 --2936#4 -2938 -2910#5 -2948" pathType="pedestrian" streetName="|||||||||||||||||" />
	<route id="47" edges="--2982 -2982 -2950#1 -2984 -2954#2 -2954#3 -2962 --2942#1 -2942#1" pathType="pedestrian" streetName="|||||||||" />
	<route id="48" edges="89340243#2 -89340243#2 -89340243#1 -89340243#0 89340243#0" pathType="highway" streetName="Violet Road|Violet Road|Violet Road|Violet Road|Violet Road|" />
	<route id="49" edges="-89340229 89340229 89340243#0 89340243#1 89340243#2 89340243#3 -154039136#1" pathType="highway" streetName="Violet Road|Violet Road|Violet Road|Violet Road|Violet Road|Violet Road|Honeysuckle Road|" />
	<route id="50" edges="-2958 --2958 -2942#1 --2962 --2954#3 --2954#2 --2984 --2950#1 --2982 --2910#7 --2910#6 --2910#5 --2938 --2936#3 -2968 --2968" pathType="pedestrian" streetName="||||||||||||||||" />
	<route id="51" edges="-2934 -2930#2 -2936#0 -2936#1 -2970 -2966#2 -2966#3 -2980 --2940#3 --2940#2 --2946 -2910#7 -2982 -2950#1 -2984 --2984" pathType="pedestrian" streetName="||||||||||||||||" />
	<route id="52" edges="-2908#3 -2908#4 -2972 -2966#1 -2966#2 -2966#3 -2980 -2940#4 --2940#4" pathType="pedestrian" streetName="|||||||||" />
	<route id="53" edges="-150771757 150771756#0 150771756#1 -150771756#1" pathType="highway" streetName="Violet Road|Honeysuckle Road|Honeysuckle Road|Honeysuckle Road|" />
	<route id="54" edges="--2956#2 --2958 -2942#1 --2962 --2954#3 --2954#2 --2984 --2950#1 --2982 --2910#7 --2910#6 --2910#5 --2938 --2936#3 --2936#2 --2936#1 --2936#0 --2930#2 --2934 --2912#2 --2924 --2916#3 --2922 -2908#4 -2972 --2966#0 -2966#0" pathType="pedestrian" streetName="|||||||||||||||||||||||||||" />
	<route id="55" edges="-2940#1 --2946 --2910#6 --2910#5 --2938 --2936#3 --2936#2 --2936#1 --2936#0 --2930#2 --2934 --2912#2 --2924 --2916#3 --2922 -2908#4 -2972 --2966#0" pathType="pedestrian" streetName="||||||||||||||||||" />
	<route id="56" edges="-2910#6 -2910#7 -2982 -2950#1" pathType="pedestrian" streetName="||||" />
	<route id="57" edges="--2952 -2952 --2950#3 -2986 -2954#1 --2984 --2950#1 --2982 --2910#7 --2910#6 --2910#5 --2938 -2936#4 --2978 -2930#4 -2930#0 --2932 -2912#4 --2914 --2910#3 -2974 -2916#6 --2918 -2910#2" pathType="pedestrian" streetName="||||||||||||||||||||||||" />
	<route id="58" edges="-2954#4 -2964 -2956#1 --2958 -2942#1 --2962 --2954#3 --2954#2 --2984 --2950#1 --2982 --2910#7 -2946 -2940#2 -2940#3 -2940#4" pathType="pedestrian" streetName="||||||||||||||||" />
	<route id="59" edges="--2910#5 -2910#5 -2910#6 -2946 --2940#1 -2944" pathType="pedestrian" streetName="||||||" />
	<route id="60" edges="--2910#1 -2928 -2908#1 -2976 --2916#0 --2916#7 --2916#6 --2974 -2910#3 -2914 --2912#4 -2932 --2930#0 --2930#4 -2978 --2936#4 -2938 --2938" pathType="pedestrian" streetName="||||||||||||||||||" />
	<route id="61" edges="89340243#3 -89340243#3 -89340243#2 -89340243#1 89340243#1" pathType="highway" streetName="Violet Road|Violet Road|Violet Road|Violet Road|Violet Road|" />
	<route id="62" edges="-2954#2 --2954#2 --2984 --2950#1 --2982 --2910#7 --2910#6 --2910#5 --2938 -2936#4 --2978 -2930#4 -2930#0 --2932 -2912#4 --2914 --2910#3 -2974 -2916#6 -2916#7 --2916#7" pathType="pedestrian" streetName="|||||||||||||||||||||" />
	<route id="63" edges="--2940#2 --2946 --2910#6 --2910#5 --2938 --2936#3 --2936#2 --2936#1 --2936#0 --2930#2 --2934 --2912#2 --2924" pathType="pedestrian" streetName="|||||||||||||" />
	<route id="64" edges="-2940#3 --2980 --2966#3 --2968 --2936#2 --2936#1 --2936#0 -2930#3 -2930#4 -2930#0 --2932 -2912#4 --2914 --2910#3 -2974 -2916#6 --2918 -2910#2" pathType="pedestrian" streetName="||||||||||||||||||" />
	<route id="65" edges="-2968 --2968 --2936#2 --2936#1 --2936#0 -2930#3 -2930#4 -2930#0 --2932 -2912#4 --2914 --2910#3 -2974 -2916#6 -2916#7 -2916#0 --2976 --2908#1 --2908#0 -2908#0" pathType="pedestrian" streetName="||||||||||||||||||||" />
	<route id="66" edges="--2984 --2950#1 --2982 --2910#7 -2946 -2940#2 -2940#3 --2980 -2980" pathType="pedestrian" streetName="|||||||||" />
	<route id="67" edges="-2954#5 --2954#5 -2964 -2956#1 --2958 -2942#1 --2962 --2954#3 --2954#2 --2984 --2950#1 --2982 --2910#7 --2910#6 --2910#5 --2938 --2936#3 --2936#2 --2936#1 --2936#0 --2930#2 --2934 -2912#3" pathType="pedestrian" streetName="|||||||||||||||||||||||" />
	<route id="68" edges="-3996459 -150771756#3 -150771756#2 -150771756#1 -150771756#0 -154039136#1 -154039136#0 -4061536 7988341#0 7988341#1 7988340#0" pathType="highway" streetName="Primrose Road|Honeysuckle Road|Honeysuckle Road|Honeysuckle Road|Honeysuckle Road|Honeysuckle Road|Honeysuckle Road|Daisy Road|Lobelia Road|Lobelia Road|" />
	<route id="69" edges="4061542#0 4061542#1 -4061542#1" pathType="highway" streetName="Bluebell Road|Bluebell Road|Bluebell Road|" />
	<route id="70" edges="4061542#0 -7988341#0 4061536 154039136#0 154039136#1 -89340243#3 -89340243#2 -89340243#1" pathType="highway" streetName="Bluebell Road|Lobelia Road|Daisy Road|Honeysuckle Road|Honeysuckle Road|Violet Road|Violet Road|Violet Road|" />
	<route id="71" edges="--2908#5 -2972 -2966#1 -2966#2 -2966#3 -2980 --2940#3 --2940#2 --2946 -2910#7 -2982 -2950#1 --2950#1" pathType="pedestrian" streetName="|||||||||||||" />
	<route id="72" edges="-154039136#1 154039136#1 -89340243#3 -89340243#2 89340243#2" pathType="highway" streetName="Honeysuckle Road|Honeysuckle Road|Violet Road|Violet Road|Violet Road|" />
	<route id="73" edges="--2936#4 -2936#4 --2978 -2930#4 -2930#0 --2932 -2912#4 --2914 --2910#3 -2974 -2916#6 -2916#7" pathType="pedestrian" streetName="||||||||||||" />
	<route id="74" edges="-2932 --2930#0 --2930#4 -2978 --2936#4 -2938 -2910#5 -2910#6 -2910#7 -2982 -2950#1 --2950#1" pathType="pedestrian" streetName="||||||||||||" />
	<route id="75" edges="-2910#5 --2910#5 --2938 --2936#3 --2936#2 --2936#1 --2936#0 --2930#2 --2934 --2912#2 --2924 --2916#3 --2916#2 --2916#1" pathType="pedestrian" streetName="||||||||||||||" />
	<route id="76" edges="--2908#1 -2908#1 -2976 --2916#0 --2916#7 --2918" pathType="pedestrian" streetName="||||||" />
	<route id="77" edges="-7988340#1 -4061542#1 7988341#1 7988341#2 -7988341#2" pathType="highway" streetName="Bluebell Road|Lobelia Road|Lobelia Road|Lobelia Road|" />
	<route id="78" edges="-154039136#0 154039136#0 154039136#1 -89340243#3 -89340243#2 -89340243#1 -89340243#0" pathType="highway" streetName="Honeysuckle Road|Honeysuckle Road|Honeysuckle Road|Violet Road|Violet Road|Violet Road|Violet Road|" />
	<route id="79" edges="-2972 -2966#1 -2966#2 -2966#3 -2980 --2940#3 --2940#2 --2946 -2910#7 -2982 --2950#0" pathType="pedestrian" streetName="|||||||||||" />
	<route id="80" edges="--2916#5 --2926 --2912#0 --2912#5 --2912#4 -2932 --2930#0 --2930#4 -2978 --2936#4 -2938 -2910#5 -2910#6 -2910#7 -2982 -2950#1" pathType="pedestrian" streetName="||||||||||||||||" />
	<route id="81" edges="-2912#2 -2934 -2930#2 -2936#0 -2936#1 -2970 -2966#2 -2966#3 -2980 --2940#3 --2940#2 --2940#1 -2944 --2942#3 --2942#2 --2942#1 -2958 --2956#1" pathType="pedestrian" streetName="||||||||||||||||||" />
	<route id="82" edges="-2964 -2956#1 --2958 -2942#1 --2962 -2954#4" pathType="pedestrian" streetName="||||||" />
	<route id="83" edges="-2958 --2958 -2942#1 --2962 --2954#3 --2954#2 --2984 --2950#1 --2982 --2910#7 --2910#6 --2910#5 --2938 -2936#4 --2978 -2930#4 -2930#0 --2932 -2912#4 --2914 --2910#3 -2974 -2916#6 -2916#7 -2916#0 --2976 --2908#1 -2908#1" pathType="pedestrian" streetName="||||||||||||||||||||||||||||" />
	<route id="84" edges="-4061533 4061533 -89340243#2 -89340243#1 -89340243#0" pathType="highway" streetName="Begonia Road|Begonia Road|Violet Road|Violet Road|Violet Road|" />
	<route id="85" edges="-2956#1 --2958 -2942#1 --2962 --2954#3 --2954#2 --2984 --2950#1 --2982 --2910#7 --2910#6 --2910#5 --2938 --2936#3 --2936#2 --2936#1 --2936#0 --2930#2 --2934 --2912#2 --2924 --2916#3 --2922 -2908#4 -2972 --2972" pathType="pedestrian" streetName="||||||||||||||||||||||||||" />
	<route id="86" edges="--2936#5 --2936#4 -2938" pathType="pedestrian" streetName="|||" />
	<route id="87" edges="--2950#1 --2982 --2910#7 --2910#6 --2910#5 --2938 -2936#4 --2978 -2930#4 -2930#0 --2932 -2912#4 --2914 --2910#3 -2974 -2916#6 -2916#7 -2916#0 --2976 --2908#1" pathType="pedestrian" streetName="||||||||||||||||||||" />
	<route id="88" edges="-2980 --2940#3 --2940#2 --2940#1 --2940#0" pathType="pedestrian" streetName="|||||" />
	<route id="89" edges="4061542#2 -4061542#2 -4061542#1 4061542#1" pathType="highway" streetName="Bluebell Road|Bluebell Road|Bluebell Road|Bluebell Road|" />
	<route id="90" edges="-3996459 -150771756#3 -150771756#2 -150771756#1 -150771756#0 -154039136#1 -154039136#0 -150771753 -4061535" pathType="highway" streetName="Primrose Road|Honeysuckle Road|Honeysuckle Road|Honeysuckle Road|Honeysuckle Road|Honeysuckle Road|Honeysuckle Road|Honeysuckle Road|Tulip Road|" />
	<route id="91" edges="--2916#2 -2916#2 --2922 -2908#4 -2972 -2966#1 -2966#2 -2966#3 -2980 --2940#3 --2940#2 --2940#1 -2944 --2942#3 --2960 -2954#3 -2954#4" pathType="pedestrian" streetName="|||||||||||||||||" />
	<route id="92" edges="-2980 --2940#3 --2940#2 --2946 -2910#7 -2982 -2950#1 -2984 -2954#2" pathType="pedestrian" streetName="|||||||||" />
	<route id="93" edges="--2954#0 -2954#0 -2954#1 --2984 --2950#1" pathType="pedestrian" streetName="|||||" />
	<route id="94" edges="150771756#4 -150771756#4 -150771756#3 -150771756#2 -150771756#1 -150771756#0 -154039136#1 -154039136#0 -4061536 7988341#0 -4061542#0" pathType="highway" streetName="Honeysuckle Road|Honeysuckle Road|Honeysuckle Road|Honeysuckle Road|Honeysuckle Road|Honeysuckle Road|Honeysuckle Road|Honeysuckle Road|Daisy Road|Lobelia Road|Bluebell Road|" />
	<route id="95" edges="--2936#0 -2930#3 -2930#4 -2930#0 --2932 -2912#4 --2914 --2910#3 -2974 -2916#6 -2916#7 -2916#0 --2976 --2908#1" pathType="pedestrian" streetName="||||||||||||||" />
	<route id="96" edges="-2954#3 --2954#3 --2954#2 --2984 --2950#1 --2982 --2910#7 --2910#6 --2910#5 --2938 --2936#3 --2936#2 --2936#1 --2936#0" pathType="pedestrian" streetName="||||||||||||||" />
	<route id="97" edges="-2912#2 --2912#2 --2924 --2916#3" pathType="pedestrian" streetName="||||" />
</routes>