﻿<?xml version="1.0" encoding="utf-8"?>
<!--original route file: map_0.rou.xml -->
<routes>
	<vType id="pedestrian" length=".25" minGap="0" maxSpeed="1.9" guiShape="pedestrian" guiWidth="0.25" />
	<vType id="cyclist" length="1.5" minGap=".5" maxSpeed="6.944" guiShape="bicycle" guiWidth="0.25" />
	<vType id="motorist" accel="3" decel="9.81" sigma="0.5" length="5" minGap="2.5" maxSpeed="70" guiShape="passenger" />
	<route id="0" edges="2651596#3 -2651596#3 -2651596#2 -2651596#1" pathType="highway" />
	<route id="1" edges="-1419#2 --1419#2 --1351 -1351" pathType="pedestrian" />
	<route id="2" edges="4061532 -4061532 -2651596#1 -2651596#0 2651596#0" pathType="highway" />
	<route id="3" edges="--1419#1 --1419#0" pathType="pedestrian" />
	<route id="4" edges="-4061532 -2651596#1" pathType="highway" />
	<route id="5" edges="-1351 -1419#2 --1419#2" pathType="pedestrian" />
	<route id="6" edges="-2651596#3" pathType="highway" />
	<route id="7" edges="-2651596#3 -2651596#2 -2651596#1 -2651596#0" pathType="highway" />
	<route id="8" edges="-2651596#0" pathType="highway" />
	<route id="9" edges="2651596#0 2651596#1 4061532" pathType="highway" />
	<route id="10" edges="--1419#0 -1419#0 -1419#1" pathType="pedestrian" />
	<route id="11" edges="--1419#2 --1351 -1351" pathType="pedestrian" />
	<route id="12" edges="--1351 -1351 --1419#1 --1419#0" pathType="pedestrian" />
	<route id="13" edges="-2651596#0 2651596#0 2651596#1 4061532 -4061532" pathType="highway" />
	<route id="14" edges="-3996458 2651596#1 2651596#2" pathType="highway" />
	<route id="15" edges="-1419#0 -1419#1 -1419#2" pathType="pedestrian" />
	<route id="16" edges="-1419#0 -1419#1 --1351" pathType="pedestrian" />
	<route id="17" edges="-1419#2 --1419#2 --1419#1 --1419#0 -1419#0" pathType="pedestrian" />
	<route id="18" edges="--1419#3 --1419#2 --1419#1 --1419#0 -1419#0" pathType="pedestrian" />
	<route id="19" edges="-4061532" pathType="highway" />
</routes>