<?xml version="1.0" encoding="iso-8859-1"?>

<!-- generated on 09/04/13 00:17:24 by SUMO netconvert Version 0.13.1
<?xml version="1.0" encoding="iso-8859-1"?>

<configuration xmlns:xsi="http://www.w3.org/2001/XMLSchema-instance" xsi:noNamespaceSchemaLocation="http://sumo.sf.net/xsd/netconvertConfiguration.xsd">

    <input>
        <osm-files value="Elm-2Lines.osm"/>
    </input>

    <output>
        <output-file value="Elm-2Lines.net.xml"/>
    </output>

    <projection>
        <proj.utm value="true"/>
    </projection>

</configuration>
-->

<net version="0.13" xmlns:xsi="http://www.w3.org/2001/XMLSchema-instance" xsi:noNamespaceSchemaLocation="http://sumo.sf.net/xsd/net_file.xsd">

    <location netOffset="-612275.81,-5644147.18" convBoundary="0.00,0.00,202.49,353.77" origBoundary="-1.401973,50.937974,-1.399090,50.941177" projParameter="+proj=utm +zone=30 +ellps=WGS84 +datum=WGS84 +units=m +no_defs"/>

    <edge id=":-1197_0" function="internal">
        <lane id=":-1197_0_0" index="0" speed="8.33" length="4.82" shape="174.23,-0.44 175.40,-1.35 176.32,-1.48 176.97,-0.82 177.36,0.61"/>
    </edge>
    <edge id=":-1199_0" function="internal">
        <lane id=":-1199_0_0" index="0" speed="8.33" length="9.41" shape="161.06,49.18 158.16,58.14"/>
    </edge>
    <edge id=":-1199_1" function="internal">
        <lane id=":-1199_1_0" index="0" speed="8.33" length="10.29" shape="161.06,49.18 159.82,51.62 158.05,53.11 155.74,53.68 152.90,53.30"/>
    </edge>
    <edge id=":-1199_2" function="internal">
        <lane id=":-1199_2_0" index="0" speed="8.33" length="4.82" shape="161.06,49.18 159.88,50.10 158.97,50.22 158.32,49.57 157.93,48.14"/>
    </edge>
    <edge id=":-1199_3" function="internal">
        <lane id=":-1199_3_0" index="0" speed="8.33" length="5.20" shape="153.76,50.12 155.23,50.32 156.41,50.06 157.31,49.33 157.93,48.14"/>
    </edge>
    <edge id=":-1199_4" function="internal">
        <lane id=":-1199_4_0" index="0" speed="8.33" length="10.53" shape="153.76,50.12 156.42,51.26 158.05,52.98 158.62,55.27 158.16,58.14"/>
    </edge>
    <edge id=":-1199_5" function="internal">
        <lane id=":-1199_5_0" index="0" speed="8.33" length="4.82" shape="153.76,50.12 154.74,51.24 154.92,52.14 154.31,52.83 152.90,53.30"/>
    </edge>
    <edge id=":-1199_6" function="internal">
        <lane id=":-1199_6_0" index="0" speed="8.33" length="9.48" shape="155.01,57.15 157.93,48.14"/>
    </edge>
    <edge id=":-1199_7" function="internal">
        <lane id=":-1199_7_0" index="0" speed="8.33" length="5.05" shape="155.01,57.15 155.23,55.78 154.96,54.68 154.18,53.85 152.90,53.30"/>
    </edge>
    <edge id=":-1199_8" function="internal">
        <lane id=":-1199_8_0" index="0" speed="8.33" length="4.82" shape="155.01,57.15 156.17,56.22 157.08,56.07 157.74,56.71 158.16,58.14"/>
    </edge>
    <edge id=":-1201_0" function="internal">
        <lane id=":-1201_0_0" index="0" speed="8.33" length="5.14" shape="131.83,152.86 130.40,152.65 129.24,152.90 128.35,153.63 127.72,154.82"/>
    </edge>
    <edge id=":-1201_1" function="internal">
        <lane id=":-1201_1_0" index="0" speed="8.33" length="10.44" shape="131.83,152.86 129.21,151.69 127.62,149.96 127.06,147.68 127.52,144.84"/>
    </edge>
    <edge id=":-1201_2" function="internal">
        <lane id=":-1201_2_0" index="0" speed="8.33" length="4.82" shape="131.83,152.86 130.87,151.73 130.70,150.82 131.33,150.14 132.75,149.69"/>
    </edge>
    <edge id=":-1201_3" function="internal">
        <lane id=":-1201_3_0" index="0" speed="8.33" length="5.03" shape="130.67,145.83 130.44,147.19 130.72,148.29 131.48,149.12 132.75,149.69"/>
    </edge>
    <edge id=":-1201_4" function="internal">
        <lane id=":-1201_4_0" index="0" speed="8.33" length="9.46" shape="130.67,145.83 127.72,154.82"/>
    </edge>
    <edge id=":-1201_5" function="internal">
        <lane id=":-1201_5_0" index="0" speed="8.33" length="4.82" shape="130.67,145.83 129.51,146.76 128.60,146.91 127.94,146.27 127.52,144.84"/>
    </edge>
    <edge id=":-1201_6" function="internal">
        <lane id=":-1201_6_0" index="0" speed="8.33" length="9.38" shape="124.60,153.75 127.52,144.84"/>
    </edge>
    <edge id=":-1201_7" function="internal">
        <lane id=":-1201_7_0" index="0" speed="8.33" length="10.27" shape="124.60,153.75 125.86,151.31 127.63,149.82 129.93,149.28 132.75,149.69"/>
    </edge>
    <edge id=":-1201_8" function="internal">
        <lane id=":-1201_8_0" index="0" speed="8.33" length="4.82" shape="124.60,153.75 125.78,152.85 126.70,152.72 127.34,153.38 127.72,154.82"/>
    </edge>
    <edge id=":-1203_0" function="internal">
        <lane id=":-1203_0_0" index="0" speed="8.33" length="9.61" shape="103.33,226.02 100.29,235.13"/>
    </edge>
    <edge id=":-1203_1" function="internal">
        <lane id=":-1203_1_0" index="0" speed="8.33" length="11.60" shape="103.33,226.02 101.83,228.95 99.83,230.46 97.32,230.54 94.32,229.18"/>
    </edge>
    <edge id=":-1203_2" function="internal">
        <lane id=":-1203_2_0" index="0" speed="8.33" length="4.82" shape="103.33,226.02 102.15,226.92 101.24,227.05 100.59,226.39 100.21,224.95"/>
    </edge>
    <edge id=":-1203_3" function="internal">
        <lane id=":-1203_3_0" index="0" speed="8.33" length="10.51" shape="96.09,226.40 98.53,228.33 100.05,230.43 100.63,232.70 100.29,235.13"/>
    </edge>
    <edge id=":-1203_4" function="internal">
        <lane id=":-1203_4_0" index="0" speed="8.33" length="5.31" shape="96.09,226.40 97.46,227.02 98.61,226.98 99.52,226.29 100.21,224.95"/>
    </edge>
    <edge id=":-1203_5" function="internal">
        <lane id=":-1203_5_0" index="0" speed="8.33" length="4.82" shape="96.09,226.40 96.69,227.76 96.60,228.67 95.81,229.15 94.32,229.18"/>
    </edge>
    <edge id=":-1203_6" function="internal">
        <lane id=":-1203_6_0" index="0" speed="8.33" length="6.13" shape="97.15,234.12 97.28,232.83 96.86,231.58 95.87,230.36 94.32,229.18"/>
    </edge>
    <edge id=":-1203_7" function="internal">
        <lane id=":-1203_7_0" index="0" speed="8.33" length="9.67" shape="97.15,234.12 100.21,224.95"/>
    </edge>
    <edge id=":-1203_8" function="internal">
        <lane id=":-1203_8_0" index="0" speed="8.33" length="4.82" shape="97.15,234.12 98.31,233.19 99.22,233.05 99.88,233.70 100.29,235.13"/>
    </edge>
    <edge id=":-1205_0" function="internal">
        <lane id=":-1205_0_0" index="0" speed="8.33" length="4.82" shape="62.11,353.40 60.94,354.32 60.03,354.46 59.37,353.82 58.97,352.38"/>
    </edge>
    <edge id=":-695_0" function="internal">
        <lane id=":-695_0_0" index="0" speed="8.33" length="4.82" shape="200.50,171.49 201.55,172.54 201.79,173.43 201.23,174.16 199.85,174.73"/>
    </edge>
    <edge id=":20954594_0" function="internal">
        <lane id=":20954594_0_0" index="0" speed="13.89" length="9.46" shape="163.69,53.53 160.82,62.55"/>
    </edge>
    <edge id=":20954594_1" function="internal">
        <lane id=":20954594_1_0" index="0" speed="13.89" length="5.06" shape="163.69,53.53 162.47,55.98 160.71,57.50"/>
    </edge>
    <edge id=":20954594_9" function="internal">
        <lane id=":20954594_9_0" index="0" speed="13.89" length="5.25" shape="160.71,57.50 158.40,58.08 155.55,57.72"/>
    </edge>
    <edge id=":20954594_2" function="internal">
        <lane id=":20954594_2_0" index="0" speed="13.89" length="2.41" shape="163.69,53.53 162.52,54.45 161.61,54.59"/>
    </edge>
    <edge id=":20954594_10" function="internal">
        <lane id=":20954594_10_0" index="0" speed="13.89" length="2.41" shape="161.61,54.59 160.95,53.94 160.55,52.51"/>
    </edge>
    <edge id=":20954594_3" function="internal">
        <lane id=":20954594_3_0" index="0" speed="13.89" length="5.20" shape="156.40,54.53 157.87,54.72 159.05,54.45 159.94,53.72 160.55,52.51"/>
    </edge>
    <edge id=":20954594_4" function="internal">
        <lane id=":20954594_4_0" index="0" speed="13.89" length="5.38" shape="156.40,54.53 159.07,55.67 160.70,57.38 160.73,57.48"/>
    </edge>
    <edge id=":20954594_11" function="internal">
        <lane id=":20954594_11_0" index="0" speed="13.89" length="5.17" shape="160.73,57.48 161.28,59.68 160.82,62.55"/>
    </edge>
    <edge id=":20954594_5" function="internal">
        <lane id=":20954594_5_0" index="0" speed="13.89" length="2.41" shape="156.40,54.53 157.38,55.64 157.57,56.55"/>
    </edge>
    <edge id=":20954594_12" function="internal">
        <lane id=":20954594_12_0" index="0" speed="13.89" length="2.41" shape="157.57,56.55 156.96,57.24 155.55,57.72"/>
    </edge>
    <edge id=":20954594_6" function="internal">
        <lane id=":20954594_6_0" index="0" speed="13.89" length="9.49" shape="157.67,61.56 160.55,52.51"/>
    </edge>
    <edge id=":20954594_7" function="internal">
        <lane id=":20954594_7_0" index="0" speed="13.89" length="5.05" shape="157.67,61.56 157.89,60.18 157.61,59.08 156.83,58.26 155.55,57.72"/>
    </edge>
    <edge id=":20954594_8" function="internal">
        <lane id=":20954594_8_0" index="0" speed="13.89" length="4.82" shape="157.67,61.56 158.82,60.63 159.74,60.48 160.40,61.12 160.82,62.55"/>
    </edge>
    <edge id=":20954595_0" function="internal">
        <lane id=":20954595_0_0" index="0" speed="13.89" length="9.60" shape="108.32,222.91 105.28,232.02"/>
    </edge>
    <edge id=":20954595_1" function="internal">
        <lane id=":20954595_1_0" index="0" speed="13.89" length="11.59" shape="108.32,222.91 106.82,225.84 104.82,227.35 102.32,227.43 99.32,226.09"/>
    </edge>
    <edge id=":20954595_2" function="internal">
        <lane id=":20954595_2_0" index="0" speed="13.89" length="4.82" shape="108.32,222.91 107.14,223.82 106.23,223.94 105.58,223.28 105.20,221.84"/>
    </edge>
    <edge id=":20954595_3" function="internal">
        <lane id=":20954595_3_0" index="0" speed="13.89" length="3.75" shape="101.08,223.30 103.53,225.22 103.90,225.74"/>
    </edge>
    <edge id=":20954595_9" function="internal">
        <lane id=":20954595_9_0" index="0" speed="13.89" length="6.75" shape="103.90,225.74 105.04,227.32 105.62,229.58 105.28,232.02"/>
    </edge>
    <edge id=":20954595_4" function="internal">
        <lane id=":20954595_4_0" index="0" speed="13.89" length="5.30" shape="101.08,223.30 102.45,223.91 103.60,223.87 104.51,223.18 105.20,221.84"/>
    </edge>
    <edge id=":20954595_5" function="internal">
        <lane id=":20954595_5_0" index="0" speed="13.89" length="2.41" shape="101.08,223.30 101.68,224.65 101.59,225.57"/>
    </edge>
    <edge id=":20954595_10" function="internal">
        <lane id=":20954595_10_0" index="0" speed="13.89" length="2.41" shape="101.59,225.57 100.80,226.05 99.32,226.09"/>
    </edge>
    <edge id=":20954595_6" function="internal">
        <lane id=":20954595_6_0" index="0" speed="13.89" length="6.12" shape="102.14,231.01 102.28,229.72 101.85,228.47 100.87,227.26 99.32,226.09"/>
    </edge>
    <edge id=":20954595_7" function="internal">
        <lane id=":20954595_7_0" index="0" speed="13.89" length="9.66" shape="102.14,231.01 105.20,221.84"/>
    </edge>
    <edge id=":20954595_8" function="internal">
        <lane id=":20954595_8_0" index="0" speed="13.89" length="2.41" shape="102.14,231.01 103.30,230.08 104.21,229.94"/>
    </edge>
    <edge id=":20954595_11" function="internal">
        <lane id=":20954595_11_0" index="0" speed="13.89" length="2.41" shape="104.21,229.94 104.87,230.59 105.28,232.02"/>
    </edge>
    <edge id=":21507739_0" function="internal">
        <lane id=":21507739_0_0" index="0" speed="13.89" length="4.82" shape="203.00,167.86 203.92,169.03 204.06,169.94 203.41,170.60 201.98,171.00"/>
    </edge>
    <edge id=":21507758_0" function="internal">
        <lane id=":21507758_0_0" index="0" speed="13.89" length="5.00" shape="136.62,149.85 135.27,149.61 134.16,149.86 133.30,150.59 132.68,151.80"/>
    </edge>
    <edge id=":21507758_1" function="internal">
        <lane id=":21507758_1_0" index="0" speed="13.89" length="10.28" shape="136.62,149.85 134.10,148.61 132.56,146.86 132.02,144.60 132.48,141.83"/>
    </edge>
    <edge id=":21507758_2" function="internal">
        <lane id=":21507758_2_0" index="0" speed="13.89" length="4.82" shape="136.62,149.85 135.70,148.68 135.56,147.77 136.21,147.11 137.64,146.71"/>
    </edge>
    <edge id=":21507758_3" function="internal">
        <lane id=":21507758_3_0" index="0" speed="13.89" length="4.99" shape="135.63,142.81 135.41,144.16 135.67,145.26 136.41,146.11 137.64,146.71"/>
    </edge>
    <edge id=":21507758_4" function="internal">
        <lane id=":21507758_4_0" index="0" speed="13.89" length="9.46" shape="135.63,142.81 132.68,151.80"/>
    </edge>
    <edge id=":21507758_5" function="internal">
        <lane id=":21507758_5_0" index="0" speed="13.89" length="2.41" shape="135.63,142.81 134.47,143.75 133.56,143.89"/>
    </edge>
    <edge id=":21507758_9" function="internal">
        <lane id=":21507758_9_0" index="0" speed="13.89" length="2.41" shape="133.56,143.89 132.90,143.25 132.48,141.83"/>
    </edge>
    <edge id=":21507758_6" function="internal">
        <lane id=":21507758_6_0" index="0" speed="13.89" length="9.37" shape="129.56,150.73 132.48,141.83"/>
    </edge>
    <edge id=":21507758_7" function="internal">
        <lane id=":21507758_7_0" index="0" speed="13.89" length="7.05" shape="129.56,150.73 130.83,148.24 132.60,146.74 134.48,146.32"/>
    </edge>
    <edge id=":21507758_10" function="internal">
        <lane id=":21507758_10_0" index="0" speed="13.89" length="3.21" shape="134.48,146.32 134.87,146.23 137.64,146.71"/>
    </edge>
    <edge id=":21507758_8" function="internal">
        <lane id=":21507758_8_0" index="0" speed="13.89" length="2.41" shape="129.56,150.73 130.74,149.83 131.65,149.71"/>
    </edge>
    <edge id=":21507758_11" function="internal">
        <lane id=":21507758_11_0" index="0" speed="13.89" length="2.41" shape="131.65,149.71 132.30,150.36 132.68,151.80"/>
    </edge>
    <edge id=":331353_0" function="internal">
        <lane id=":331353_0_0" index="0" speed="13.89" length="4.82" shape="177.70,-0.51 178.87,-1.43 179.78,-1.57 180.44,-0.92 180.84,0.51"/>
    </edge>
    <edge id=":331354_0" function="internal">
        <lane id=":331354_0_0" index="0" speed="13.89" length="4.82" shape="65.80,354.28 64.63,355.20 63.72,355.34 63.06,354.69 62.66,353.26"/>
    </edge>

    <edge id="--1351" from="-1201" to="-695" priority="1" type="highway.pedestrian" shape="127.65,149.94 164.86,160.63 181.36,166.21 192.08,171.49 200.18,173.11">
        <lane id="--1351_0" index="0" allow="pedestrian" speed="8.33" length="71.37" shape="132.75,149.69 165.32,159.05 181.89,164.65 192.62,169.92 200.50,171.49"/>
    </edge>
    <edge id="--1419#0" from="-1199" to="-1197" priority="1" type="highway.pedestrian">
        <lane id="--1419#0_0" index="0" allow="pedestrian" speed="8.33" length="51.23" shape="157.93,48.14 174.23,-0.44"/>
    </edge>
    <edge id="--1419#1" from="-1201" to="-1199" priority="1" type="highway.pedestrian">
        <lane id="--1419#1_0" index="0" allow="pedestrian" speed="8.33" length="91.90" shape="127.52,144.84 155.01,57.15"/>
    </edge>
    <edge id="--1419#2" from="-1203" to="-1201" priority="1" type="highway.pedestrian">
        <lane id="--1419#2_0" index="0" allow="pedestrian" speed="8.33" length="75.26" shape="100.21,224.95 124.60,153.75"/>
    </edge>
    <edge id="--1419#3" from="-1205" to="-1203" priority="1" type="highway.pedestrian">
        <lane id="--1419#3_0" index="0" allow="pedestrian" speed="8.33" length="124.28" shape="58.97,352.38 97.15,234.12"/>
    </edge>
    <edge id="--1421" from="-1203" to="-1199" priority="1" type="highway.pedestrian" shape="99.95,230.80 3.43,169.51 0.00,161.54 0.14,152.86 88.11,47.53 97.28,40.81 108.01,39.51 158.05,52.98">
        <lane id="--1421_0" index="0" allow="pedestrian" speed="8.33" length="337.22" shape="94.32,229.18 2.11,170.63 -1.66,161.87 -1.51,152.25 86.98,46.32 96.65,39.22 108.13,37.83 153.76,50.12"/>
    </edge>
    <edge id="-1351" from="-695" to="-1201" priority="1" type="highway.pedestrian" shape="200.18,173.11 192.08,171.49 181.36,166.21 164.86,160.63 127.65,149.94">
        <lane id="-1351_0" index="0" allow="pedestrian" speed="8.33" length="71.65" shape="199.85,174.73 191.55,173.07 180.63,167.69 164.33,162.19 131.83,152.86"/>
    </edge>
    <edge id="-1419#0" from="-1197" to="-1199" priority="1" type="highway.pedestrian">
        <lane id="-1419#0_0" index="0" allow="pedestrian" speed="8.33" length="51.23" shape="177.36,0.61 161.06,49.18"/>
    </edge>
    <edge id="-1419#1" from="-1199" to="-1201" priority="1" type="highway.pedestrian">
        <lane id="-1419#1_0" index="0" allow="pedestrian" speed="8.33" length="91.90" shape="158.16,58.14 130.67,145.83"/>
    </edge>
    <edge id="-1419#2" from="-1201" to="-1203" priority="1" type="highway.pedestrian">
        <lane id="-1419#2_0" index="0" allow="pedestrian" speed="8.33" length="75.26" shape="127.72,154.82 103.33,226.02"/>
    </edge>
    <edge id="-1419#3" from="-1203" to="-1205" priority="1" type="highway.pedestrian">
        <lane id="-1419#3_0" index="0" allow="pedestrian" speed="8.33" length="124.28" shape="100.29,235.13 62.11,353.40"/>
    </edge>
    <edge id="-1421" from="-1199" to="-1203" priority="1" type="highway.pedestrian" shape="158.05,52.98 108.01,39.51 97.28,40.81 88.11,47.53 0.14,152.86 0.00,161.54 3.43,169.51 99.95,230.80">
        <lane id="-1421_0" index="0" allow="pedestrian" speed="8.33" length="327.62" shape="152.90,53.30 107.89,41.18 97.91,42.39 89.25,48.74 1.78,153.47 1.66,161.22 4.74,168.39 96.09,226.40"/>
    </edge>
    <edge id="-2651596#0" from="20954594" to="331353" priority="4" type="highway.residential">
        <lane id="-2651596#0_0" index="0" speed="13.89" length="55.73" shape="160.55,52.51 177.70,-0.51"/>
    </edge>
    <edge id="-2651596#1" from="21507758" to="20954594" priority="4" type="highway.residential">
        <lane id="-2651596#1_0" index="0" speed="13.89" length="84.13" shape="132.48,141.83 157.67,61.56"/>
    </edge>
    <edge id="-2651596#2" from="20954595" to="21507758" priority="4" type="highway.residential">
        <lane id="-2651596#2_0" index="0" speed="13.89" length="75.17" shape="105.20,221.84 129.56,150.73"/>
    </edge>
    <edge id="-2651596#3" from="331354" to="20954595" priority="4" type="highway.residential" shape="64.23,353.77 65.53,349.77 104.94,227.69">
        <lane id="-2651596#3_0" index="0" speed="13.89" length="128.47" shape="62.66,353.26 63.96,349.26 102.14,231.01"/>
    </edge>
    <edge id="-3996458" from="20954595" to="20954594" priority="4" type="highway.residential" shape="104.94,227.69 8.66,166.91 3.84,159.56 5.37,150.25 90.72,49.56 107.60,43.27 160.71,57.38">
        <lane id="-3996458_0" index="0" speed="13.89" length="331.37" shape="99.32,226.09 7.48,168.11 2.10,159.92 3.82,149.53 89.74,48.16 107.52,41.54 156.40,54.53"/>
    </edge>
    <edge id="-4061532" from="21507739" to="21507758" priority="4" type="highway.residential">
        <lane id="-4061532_0" index="0" speed="13.89" length="68.69" shape="201.98,171.00 136.62,149.85"/>
    </edge>
    <edge id="2651596#0" from="331353" to="20954594" priority="4" type="highway.residential">
        <lane id="2651596#0_0" index="0" speed="13.89" length="55.73" shape="180.84,0.51 163.69,53.53"/>
    </edge>
    <edge id="2651596#1" from="20954594" to="21507758" priority="4" type="highway.residential">
        <lane id="2651596#1_0" index="0" speed="13.89" length="84.13" shape="160.82,62.55 135.63,142.81"/>
    </edge>
    <edge id="2651596#2" from="21507758" to="20954595" priority="4" type="highway.residential">
        <lane id="2651596#2_0" index="0" speed="13.89" length="75.17" shape="132.68,151.80 108.32,222.91"/>
    </edge>
    <edge id="2651596#3" from="20954595" to="331354" priority="4" type="highway.residential" shape="104.94,227.69 65.53,349.77 64.23,353.77">
        <lane id="2651596#3_0" index="0" speed="13.89" length="128.48" shape="105.28,232.02 67.10,350.28 65.80,354.28"/>
    </edge>
    <edge id="3996458" from="20954594" to="20954595" priority="4" type="highway.residential" shape="160.71,57.38 107.60,43.27 90.72,49.56 5.37,150.25 3.84,159.56 8.66,166.91 104.94,227.69">
        <lane id="3996458_0" index="0" speed="13.89" length="321.71" shape="155.55,57.72 107.68,45.00 91.70,50.95 6.93,150.97 5.57,159.19 9.85,165.71 101.08,223.30"/>
    </edge>
    <edge id="4061532" from="21507758" to="21507739" priority="4" type="highway.residential">
        <lane id="4061532_0" index="0" speed="13.89" length="68.69" shape="137.64,146.71 203.00,167.86"/>
    </edge>

    <junction id="-1197" type="priority" x="175.79" y="0.09" incLanes="--1419#0_0" intLanes=":-1197_0_0" shape="175.84,0.10 178.87,1.12 172.71,-0.95 175.74,0.07">
        <request index="0" response="0" foes="0" cont="0"/>
    </junction>
    <junction id="-1199" type="right_before_left" x="158.05" y="52.98" incLanes="-1419#0_0 --1421_0 --1419#1_0" intLanes=":-1199_0_0 :-1199_1_0 :-1199_2_0 :-1199_3_0 :-1199_4_0 :-1199_5_0 :-1199_6_0 :-1199_7_0 :-1199_8_0" shape="162.58,49.69 156.41,47.63 154.17,48.57 152.48,54.85 153.48,56.67 159.69,58.62">
        <request index="0" response="000000000" foes="100010000" cont="0"/>
        <request index="1" response="011000000" foes="011110000" cont="0"/>
        <request index="2" response="001001000" foes="001001000" cont="0"/>
        <request index="3" response="000000000" foes="001000100" cont="0"/>
        <request index="4" response="000000011" foes="101000011" cont="0"/>
        <request index="5" response="010000010" foes="010000010" cont="0"/>
        <request index="6" response="000011000" foes="000011110" cont="0"/>
        <request index="7" response="000000000" foes="000100010" cont="0"/>
        <request index="8" response="000010001" foes="000010001" cont="0"/>
    </junction>
    <junction id="-1201" type="right_before_left" x="127.65" y="149.94" incLanes="-1351_0 -1419#1_0 --1419#2_0" intLanes=":-1201_0_0 :-1201_1_0 :-1201_2_0 :-1201_3_0 :-1201_4_0 :-1201_5_0 :-1201_6_0 :-1201_7_0 :-1201_8_0" shape="131.39,154.40 133.19,148.15 132.19,146.31 125.99,144.36 123.09,153.23 129.24,155.34">
        <request index="0" response="000000000" foes="100010000" cont="0"/>
        <request index="1" response="011000000" foes="011110000" cont="0"/>
        <request index="2" response="010001000" foes="010001000" cont="0"/>
        <request index="3" response="000000000" foes="010000100" cont="0"/>
        <request index="4" response="000000011" foes="110000011" cont="0"/>
        <request index="5" response="001000010" foes="001000010" cont="0"/>
        <request index="6" response="000000000" foes="000100010" cont="0"/>
        <request index="7" response="000011000" foes="000011110" cont="0"/>
        <request index="8" response="000010001" foes="000010001" cont="0"/>
    </junction>
    <junction id="-1203" type="right_before_left" x="99.95" y="230.80" incLanes="-1419#2_0 -1421_0 --1419#3_0" intLanes=":-1203_0_0 :-1203_1_0 :-1203_2_0 :-1203_3_0 :-1203_4_0 :-1203_5_0 :-1203_6_0 :-1203_7_0 :-1203_8_0" shape="104.85,226.54 98.70,224.43 96.95,225.05 93.46,230.53 95.62,233.63 101.81,235.62">
        <request index="0" response="000000000" foes="100001000" cont="0"/>
        <request index="1" response="011000000" foes="011101000" cont="0"/>
        <request index="2" response="010010000" foes="010010000" cont="0"/>
        <request index="3" response="000000011" foes="110000011" cont="0"/>
        <request index="4" response="000000000" foes="010000100" cont="0"/>
        <request index="5" response="001000010" foes="001000010" cont="0"/>
        <request index="6" response="000000000" foes="000100010" cont="0"/>
        <request index="7" response="000011000" foes="000011110" cont="0"/>
        <request index="8" response="000001001" foes="000001001" cont="0"/>
    </junction>
    <junction id="-1205" type="priority" x="60.54" y="352.89" incLanes="-1419#3_0" intLanes=":-1205_0_0" shape="60.49,352.88 57.45,351.89 63.63,353.89 60.59,352.91">
        <request index="0" response="0" foes="0" cont="0"/>
    </junction>
    <junction id="-695" type="priority" x="200.18" y="173.11" incLanes="--1351_0" intLanes=":-695_0_0" shape="200.17,173.16 199.54,176.30 200.81,169.92 200.18,173.06">
        <request index="0" response="0" foes="0" cont="0"/>
    </junction>
    <junction id="20954594" type="priority" x="160.71" y="57.38" incLanes="2651596#0_0 -3996458_0 -2651596#1_0" intLanes=":20954594_0_0 :20954594_9_0 :20954594_10_0 :20954594_3_0 :20954594_11_0 :20954594_12_0 :20954594_6_0 :20954594_7_0 :20954594_8_0" shape="165.21,54.02 159.03,52.02 156.81,52.98 155.14,59.26 156.14,61.08 162.34,63.03">
        <request index="0" response="000000000" foes="100010000" cont="0"/>
        <request index="1" response="000000000" foes="011110000" cont="1"/>
        <request index="2" response="001001000" foes="001001000" cont="1"/>
        <request index="3" response="000000000" foes="001000100" cont="0"/>
        <request index="4" response="000000011" foes="101000011" cont="1"/>
        <request index="5" response="010000010" foes="010000010" cont="1"/>
        <request index="6" response="000011010" foes="000011110" cont="0"/>
        <request index="7" response="000000010" foes="000100010" cont="0"/>
        <request index="8" response="000010001" foes="000010001" cont="0"/>
    </junction>
    <junction id="20954595" type="priority" x="104.94" y="227.69" incLanes="2651596#2_0 3996458_0 -2651596#3_0" intLanes=":20954595_0_0 :20954595_1_0 :20954595_2_0 :20954595_9_0 :20954595_4_0 :20954595_10_0 :20954595_6_0 :20954595_7_0 :20954595_11_0" shape="109.84,223.43 103.69,221.32 101.93,221.94 98.46,227.44 100.61,230.52 106.80,232.51">
        <request index="0" response="000001000" foes="100001000" cont="0"/>
        <request index="1" response="011001000" foes="011101000" cont="0"/>
        <request index="2" response="010010000" foes="010010000" cont="0"/>
        <request index="3" response="000000000" foes="110000011" cont="1"/>
        <request index="4" response="000000000" foes="010000100" cont="0"/>
        <request index="5" response="001000010" foes="001000010" cont="1"/>
        <request index="6" response="000000000" foes="000100010" cont="0"/>
        <request index="7" response="000011000" foes="000011110" cont="0"/>
        <request index="8" response="000001001" foes="000001001" cont="1"/>
    </junction>
    <junction id="21507739" type="priority" x="202.49" y="169.43" incLanes="4061532_0" intLanes=":21507739_0_0" shape="202.47,169.48 201.49,172.52 203.49,166.34 202.50,169.38">
        <request index="0" response="0" foes="0" cont="0"/>
    </junction>
    <junction id="21507758" type="priority" x="132.64" y="146.82" incLanes="-4061532_0 2651596#1_0 -2651596#2_0" intLanes=":21507758_0_0 :21507758_1_0 :21507758_2_0 :21507758_3_0 :21507758_4_0 :21507758_9_0 :21507758_6_0 :21507758_10_0 :21507758_11_0" shape="136.13,151.37 138.13,145.19 137.15,143.29 130.95,141.35 128.04,150.21 134.19,152.32">
        <request index="0" response="000010000" foes="100010000" cont="0"/>
        <request index="1" response="011010000" foes="011110000" cont="0"/>
        <request index="2" response="010001000" foes="010001000" cont="0"/>
        <request index="3" response="000000000" foes="010000100" cont="0"/>
        <request index="4" response="000000000" foes="110000011" cont="0"/>
        <request index="5" response="001000010" foes="001000010" cont="1"/>
        <request index="6" response="000000000" foes="000100010" cont="0"/>
        <request index="7" response="000011000" foes="000011110" cont="1"/>
        <request index="8" response="000010001" foes="000010001" cont="1"/>
    </junction>
    <junction id="331353" type="priority" x="179.27" y="0.00" incLanes="-2651596#0_0" intLanes=":331353_0_0" shape="179.32,0.02 182.37,1.00 176.18,-1.00 179.23,-0.02">
        <request index="0" response="0" foes="0" cont="0"/>
    </junction>
    <junction id="331354" type="priority" x="64.23" y="353.77" incLanes="2651596#3_0" intLanes=":331354_0_0" shape="64.18,353.75 61.14,352.76 67.32,354.78 64.28,353.78">
        <request index="0" response="0" foes="0" cont="0"/>
    </junction>

    <junction id=":20954594_9_0" type="internal" x="160.71" y="57.50" incLanes=":20954594_1_0" intLanes=""/>
    <junction id=":20954594_10_0" type="internal" x="161.61" y="54.59" incLanes=":20954594_2_0" intLanes=""/>
    <junction id=":20954594_11_0" type="internal" x="160.73" y="57.48" incLanes=":20954594_4_0 2651596#0_0" intLanes=":20954594_0_0 :20954594_1_0"/>
    <junction id=":20954594_12_0" type="internal" x="157.57" y="56.55" incLanes=":20954594_5_0 2651596#0_0" intLanes=":20954594_1_0"/>
    <junction id=":20954595_9_0" type="internal" x="103.90" y="225.74" incLanes=":20954595_3_0 -2651596#3_0" intLanes=":20954595_7_0 :20954595_8_0"/>
    <junction id=":20954595_10_0" type="internal" x="101.59" y="225.57" incLanes=":20954595_5_0 -2651596#3_0" intLanes=":20954595_6_0"/>
    <junction id=":20954595_11_0" type="internal" x="104.21" y="229.94" incLanes=":20954595_8_0" intLanes=""/>
    <junction id=":21507758_9_0" type="internal" x="133.56" y="143.89" incLanes=":21507758_5_0 -2651596#2_0" intLanes=":21507758_6_0"/>
    <junction id=":21507758_10_0" type="internal" x="134.48" y="146.32" incLanes=":21507758_7_0 2651596#1_0" intLanes=":21507758_3_0 :21507758_4_0"/>
    <junction id=":21507758_11_0" type="internal" x="131.65" y="149.71" incLanes=":21507758_8_0 2651596#1_0" intLanes=":21507758_4_0"/>

    <connection from="--1351" to="-1351" fromLane="0" toLane="0" via=":-695_0_0" dir="t" state="M"/>
    <connection from="--1419#0" to="-1419#0" fromLane="0" toLane="0" via=":-1197_0_0" dir="t" state="M"/>
    <connection from="--1419#1" to="--1419#0" fromLane="0" toLane="0" via=":-1199_6_0" dir="s" state="="/>
    <connection from="--1419#1" to="-1421" fromLane="0" toLane="0" via=":-1199_7_0" dir="r" state="="/>
    <connection from="--1419#1" to="-1419#1" fromLane="0" toLane="0" via=":-1199_8_0" dir="t" state="="/>
    <connection from="--1419#2" to="--1419#1" fromLane="0" toLane="0" via=":-1201_6_0" dir="s" state="="/>
    <connection from="--1419#2" to="--1351" fromLane="0" toLane="0" via=":-1201_7_0" dir="l" state="="/>
    <connection from="--1419#2" to="-1419#2" fromLane="0" toLane="0" via=":-1201_8_0" dir="t" state="="/>
    <connection from="--1419#3" to="--1421" fromLane="0" toLane="0" via=":-1203_6_0" dir="r" state="="/>
    <connection from="--1419#3" to="--1419#2" fromLane="0" toLane="0" via=":-1203_7_0" dir="s" state="="/>
    <connection from="--1419#3" to="-1419#3" fromLane="0" toLane="0" via=":-1203_8_0" dir="t" state="="/>
    <connection from="--1421" to="--1419#0" fromLane="0" toLane="0" via=":-1199_3_0" dir="r" state="="/>
    <connection from="--1421" to="-1419#1" fromLane="0" toLane="0" via=":-1199_4_0" dir="l" state="="/>
    <connection from="--1421" to="-1421" fromLane="0" toLane="0" via=":-1199_5_0" dir="t" state="="/>
    <connection from="-1351" to="-1419#2" fromLane="0" toLane="0" via=":-1201_0_0" dir="r" state="="/>
    <connection from="-1351" to="--1419#1" fromLane="0" toLane="0" via=":-1201_1_0" dir="l" state="="/>
    <connection from="-1351" to="--1351" fromLane="0" toLane="0" via=":-1201_2_0" dir="t" state="="/>
    <connection from="-1419#0" to="-1419#1" fromLane="0" toLane="0" via=":-1199_0_0" dir="s" state="="/>
    <connection from="-1419#0" to="-1421" fromLane="0" toLane="0" via=":-1199_1_0" dir="l" state="="/>
    <connection from="-1419#0" to="--1419#0" fromLane="0" toLane="0" via=":-1199_2_0" dir="t" state="="/>
    <connection from="-1419#1" to="--1351" fromLane="0" toLane="0" via=":-1201_3_0" dir="r" state="="/>
    <connection from="-1419#1" to="-1419#2" fromLane="0" toLane="0" via=":-1201_4_0" dir="s" state="="/>
    <connection from="-1419#1" to="--1419#1" fromLane="0" toLane="0" via=":-1201_5_0" dir="t" state="="/>
    <connection from="-1419#2" to="-1419#3" fromLane="0" toLane="0" via=":-1203_0_0" dir="s" state="="/>
    <connection from="-1419#2" to="--1421" fromLane="0" toLane="0" via=":-1203_1_0" dir="l" state="="/>
    <connection from="-1419#2" to="--1419#2" fromLane="0" toLane="0" via=":-1203_2_0" dir="t" state="="/>
    <connection from="-1419#3" to="--1419#3" fromLane="0" toLane="0" via=":-1205_0_0" dir="t" state="M"/>
    <connection from="-1421" to="-1419#3" fromLane="0" toLane="0" via=":-1203_3_0" dir="l" state="="/>
    <connection from="-1421" to="--1419#2" fromLane="0" toLane="0" via=":-1203_4_0" dir="r" state="="/>
    <connection from="-1421" to="--1421" fromLane="0" toLane="0" via=":-1203_5_0" dir="t" state="="/>
    <connection from="-2651596#0" to="2651596#0" fromLane="0" toLane="0" via=":331353_0_0" dir="t" state="M"/>
    <connection from="-2651596#1" to="-2651596#0" fromLane="0" toLane="0" via=":20954594_6_0" dir="s" state="m"/>
    <connection from="-2651596#1" to="3996458" fromLane="0" toLane="0" via=":20954594_7_0" dir="r" state="m"/>
    <connection from="-2651596#1" to="2651596#1" fromLane="0" toLane="0" via=":20954594_8_0" dir="t" state="m"/>
    <connection from="-2651596#2" to="-2651596#1" fromLane="0" toLane="0" via=":21507758_6_0" dir="s" state="M"/>
    <connection from="-2651596#2" to="4061532" fromLane="0" toLane="0" via=":21507758_7_0" dir="l" state="m"/>
    <connection from="-2651596#2" to="2651596#2" fromLane="0" toLane="0" via=":21507758_8_0" dir="t" state="m"/>
    <connection from="-2651596#3" to="-3996458" fromLane="0" toLane="0" via=":20954595_6_0" dir="r" state="M"/>
    <connection from="-2651596#3" to="-2651596#2" fromLane="0" toLane="0" via=":20954595_7_0" dir="s" state="m"/>
    <connection from="-2651596#3" to="2651596#3" fromLane="0" toLane="0" via=":20954595_8_0" dir="t" state="m"/>
    <connection from="-3996458" to="-2651596#0" fromLane="0" toLane="0" via=":20954594_3_0" dir="r" state="M"/>
    <connection from="-3996458" to="2651596#1" fromLane="0" toLane="0" via=":20954594_4_0" dir="l" state="m"/>
    <connection from="-3996458" to="3996458" fromLane="0" toLane="0" via=":20954594_5_0" dir="t" state="m"/>
    <connection from="-4061532" to="2651596#2" fromLane="0" toLane="0" via=":21507758_0_0" dir="r" state="m"/>
    <connection from="-4061532" to="-2651596#1" fromLane="0" toLane="0" via=":21507758_1_0" dir="l" state="m"/>
    <connection from="-4061532" to="4061532" fromLane="0" toLane="0" via=":21507758_2_0" dir="t" state="m"/>
    <connection from="2651596#0" to="2651596#1" fromLane="0" toLane="0" via=":20954594_0_0" dir="s" state="M"/>
    <connection from="2651596#0" to="3996458" fromLane="0" toLane="0" via=":20954594_1_0" dir="l" state="M"/>
    <connection from="2651596#0" to="-2651596#0" fromLane="0" toLane="0" via=":20954594_2_0" dir="t" state="m"/>
    <connection from="2651596#1" to="4061532" fromLane="0" toLane="0" via=":21507758_3_0" dir="r" state="M"/>
    <connection from="2651596#1" to="2651596#2" fromLane="0" toLane="0" via=":21507758_4_0" dir="s" state="M"/>
    <connection from="2651596#1" to="-2651596#1" fromLane="0" toLane="0" via=":21507758_5_0" dir="t" state="m"/>
    <connection from="2651596#2" to="2651596#3" fromLane="0" toLane="0" via=":20954595_0_0" dir="s" state="m"/>
    <connection from="2651596#2" to="-3996458" fromLane="0" toLane="0" via=":20954595_1_0" dir="l" state="m"/>
    <connection from="2651596#2" to="-2651596#2" fromLane="0" toLane="0" via=":20954595_2_0" dir="t" state="m"/>
    <connection from="2651596#3" to="-2651596#3" fromLane="0" toLane="0" via=":331354_0_0" dir="t" state="M"/>
    <connection from="3996458" to="2651596#3" fromLane="0" toLane="0" via=":20954595_3_0" dir="l" state="M"/>
    <connection from="3996458" to="-2651596#2" fromLane="0" toLane="0" via=":20954595_4_0" dir="r" state="M"/>
    <connection from="3996458" to="-3996458" fromLane="0" toLane="0" via=":20954595_5_0" dir="t" state="m"/>
    <connection from="4061532" to="-4061532" fromLane="0" toLane="0" via=":21507739_0_0" dir="t" state="M"/>

    <connection from=":-1197_0" to="-1419#0" fromLane="0" toLane="0" dir="s" state="M"/>
    <connection from=":-1199_0" to="-1419#1" fromLane="0" toLane="0" dir="s" state="M"/>
    <connection from=":-1199_1" to="-1421" fromLane="0" toLane="0" dir="s" state="M"/>
    <connection from=":-1199_2" to="--1419#0" fromLane="0" toLane="0" dir="s" state="M"/>
    <connection from=":-1199_3" to="--1419#0" fromLane="0" toLane="0" dir="s" state="M"/>
    <connection from=":-1199_4" to="-1419#1" fromLane="0" toLane="0" dir="s" state="M"/>
    <connection from=":-1199_5" to="-1421" fromLane="0" toLane="0" dir="s" state="M"/>
    <connection from=":-1199_6" to="--1419#0" fromLane="0" toLane="0" dir="s" state="M"/>
    <connection from=":-1199_7" to="-1421" fromLane="0" toLane="0" dir="s" state="M"/>
    <connection from=":-1199_8" to="-1419#1" fromLane="0" toLane="0" dir="s" state="M"/>
    <connection from=":-1201_0" to="-1419#2" fromLane="0" toLane="0" dir="s" state="M"/>
    <connection from=":-1201_1" to="--1419#1" fromLane="0" toLane="0" dir="s" state="M"/>
    <connection from=":-1201_2" to="--1351" fromLane="0" toLane="0" dir="s" state="M"/>
    <connection from=":-1201_3" to="--1351" fromLane="0" toLane="0" dir="s" state="M"/>
    <connection from=":-1201_4" to="-1419#2" fromLane="0" toLane="0" dir="s" state="M"/>
    <connection from=":-1201_5" to="--1419#1" fromLane="0" toLane="0" dir="s" state="M"/>
    <connection from=":-1201_6" to="--1419#1" fromLane="0" toLane="0" dir="s" state="M"/>
    <connection from=":-1201_7" to="--1351" fromLane="0" toLane="0" dir="s" state="M"/>
    <connection from=":-1201_8" to="-1419#2" fromLane="0" toLane="0" dir="s" state="M"/>
    <connection from=":-1203_0" to="-1419#3" fromLane="0" toLane="0" dir="s" state="M"/>
    <connection from=":-1203_1" to="--1421" fromLane="0" toLane="0" dir="s" state="M"/>
    <connection from=":-1203_2" to="--1419#2" fromLane="0" toLane="0" dir="s" state="M"/>
    <connection from=":-1203_3" to="-1419#3" fromLane="0" toLane="0" dir="s" state="M"/>
    <connection from=":-1203_4" to="--1419#2" fromLane="0" toLane="0" dir="s" state="M"/>
    <connection from=":-1203_5" to="--1421" fromLane="0" toLane="0" dir="s" state="M"/>
    <connection from=":-1203_6" to="--1421" fromLane="0" toLane="0" dir="s" state="M"/>
    <connection from=":-1203_7" to="--1419#2" fromLane="0" toLane="0" dir="s" state="M"/>
    <connection from=":-1203_8" to="-1419#3" fromLane="0" toLane="0" dir="s" state="M"/>
    <connection from=":-1205_0" to="--1419#3" fromLane="0" toLane="0" dir="s" state="M"/>
    <connection from=":-695_0" to="-1351" fromLane="0" toLane="0" dir="s" state="M"/>
    <connection from=":20954594_0" to="2651596#1" fromLane="0" toLane="0" dir="s" state="M"/>
    <connection from=":20954594_1" to="3996458" fromLane="0" toLane="0" via=":20954594_9_0" dir="s" state="M"/>
    <connection from=":20954594_9" to="3996458" fromLane="0" toLane="0" dir="s" state="M"/>
    <connection from=":20954594_2" to="-2651596#0" fromLane="0" toLane="0" via=":20954594_10_0" dir="s" state="M"/>
    <connection from=":20954594_10" to="-2651596#0" fromLane="0" toLane="0" dir="s" state="M"/>
    <connection from=":20954594_3" to="-2651596#0" fromLane="0" toLane="0" dir="s" state="M"/>
    <connection from=":20954594_4" to="2651596#1" fromLane="0" toLane="0" via=":20954594_11_0" dir="s" state="M"/>
    <connection from=":20954594_11" to="2651596#1" fromLane="0" toLane="0" dir="s" state="M"/>
    <connection from=":20954594_5" to="3996458" fromLane="0" toLane="0" via=":20954594_12_0" dir="s" state="M"/>
    <connection from=":20954594_12" to="3996458" fromLane="0" toLane="0" dir="s" state="M"/>
    <connection from=":20954594_6" to="-2651596#0" fromLane="0" toLane="0" dir="s" state="M"/>
    <connection from=":20954594_7" to="3996458" fromLane="0" toLane="0" dir="s" state="M"/>
    <connection from=":20954594_8" to="2651596#1" fromLane="0" toLane="0" dir="s" state="M"/>
    <connection from=":20954595_0" to="2651596#3" fromLane="0" toLane="0" dir="s" state="M"/>
    <connection from=":20954595_1" to="-3996458" fromLane="0" toLane="0" dir="s" state="M"/>
    <connection from=":20954595_2" to="-2651596#2" fromLane="0" toLane="0" dir="s" state="M"/>
    <connection from=":20954595_3" to="2651596#3" fromLane="0" toLane="0" via=":20954595_9_0" dir="s" state="M"/>
    <connection from=":20954595_9" to="2651596#3" fromLane="0" toLane="0" dir="s" state="M"/>
    <connection from=":20954595_4" to="-2651596#2" fromLane="0" toLane="0" dir="s" state="M"/>
    <connection from=":20954595_5" to="-3996458" fromLane="0" toLane="0" via=":20954595_10_0" dir="s" state="M"/>
    <connection from=":20954595_10" to="-3996458" fromLane="0" toLane="0" dir="s" state="M"/>
    <connection from=":20954595_6" to="-3996458" fromLane="0" toLane="0" dir="s" state="M"/>
    <connection from=":20954595_7" to="-2651596#2" fromLane="0" toLane="0" dir="s" state="M"/>
    <connection from=":20954595_8" to="2651596#3" fromLane="0" toLane="0" via=":20954595_11_0" dir="s" state="M"/>
    <connection from=":20954595_11" to="2651596#3" fromLane="0" toLane="0" dir="s" state="M"/>
    <connection from=":21507739_0" to="-4061532" fromLane="0" toLane="0" dir="s" state="M"/>
    <connection from=":21507758_0" to="2651596#2" fromLane="0" toLane="0" dir="s" state="M"/>
    <connection from=":21507758_1" to="-2651596#1" fromLane="0" toLane="0" dir="s" state="M"/>
    <connection from=":21507758_2" to="4061532" fromLane="0" toLane="0" dir="s" state="M"/>
    <connection from=":21507758_3" to="4061532" fromLane="0" toLane="0" dir="s" state="M"/>
    <connection from=":21507758_4" to="2651596#2" fromLane="0" toLane="0" dir="s" state="M"/>
    <connection from=":21507758_5" to="-2651596#1" fromLane="0" toLane="0" via=":21507758_9_0" dir="s" state="M"/>
    <connection from=":21507758_9" to="-2651596#1" fromLane="0" toLane="0" dir="s" state="M"/>
    <connection from=":21507758_6" to="-2651596#1" fromLane="0" toLane="0" dir="s" state="M"/>
    <connection from=":21507758_7" to="4061532" fromLane="0" toLane="0" via=":21507758_10_0" dir="s" state="M"/>
    <connection from=":21507758_10" to="4061532" fromLane="0" toLane="0" dir="s" state="M"/>
    <connection from=":21507758_8" to="2651596#2" fromLane="0" toLane="0" via=":21507758_11_0" dir="s" state="M"/>
    <connection from=":21507758_11" to="2651596#2" fromLane="0" toLane="0" dir="s" state="M"/>
    <connection from=":331353_0" to="2651596#0" fromLane="0" toLane="0" dir="s" state="M"/>
    <connection from=":331354_0" to="-2651596#3" fromLane="0" toLane="0" dir="s" state="M"/>

</net>
